
[0.0, 0, 0, 0, 0, 0, 0, 0, 0, 0, 0, 0, 0, 0, 0, 0, 0, 0, 0, 0, 0, 0, 0, 0, 0, 0, 0, 0, 0, 0, 0, 0, 0, 0, 0, 0, 0, 0, 0, 0, 0, 0, 0, 0, 0, 0, 0, 0, 0, 0, 0, 0, 120, 120, 120, 120, 120, 122, 122, 122, 122, 123, 123, 123, 123, 124, 124, 124, 125, 125, 125, 125, 126, 127, 127, 127, 127, 128, 128, 128, 128, 129, 129, 130, 130, 130, 131, 131, 131, 132, 132, 132, 133, 133, 133, 133, 134, 135, 135, 135, 135, 135, 136, 136, 136, 137, 137, 137, 138, 138, 138, 139, 139, 139, 139, 140, 140, 140, 141, 141, 141, 142, 142, 142, 143, 143, 143, 143, 144, 144, 144, 145, 145, 145, 146, 146, 146, 147, 147, 147, 147, 148, 148, 148, 149, 149, 149, 150, 150, 150, 151, 151, 151, 152, 152, 152, 152, 153, 153, 154, 154, 154, 154, 155, 155, 155, 156, 156, 156, 157, 157, 157, 158, 158, 158, 159, 159, 159, 159, 160, 160, 160, 161, 161, 161, 162, 162, 162, 163, 163, 163, 164, 164, 164, 165, 165, 165, 166, 166, 166, 166, 167, 167, 168, 168, 168, 168, 169, 169, 169, 169, 170, 170, 171, 171, 171, 172, 172, 172, 173, 173, 173, 173, 174, 174, 175, 175, 175, 176, 176, 176, 176, 176, 177, 177, 178, 178, 178, 179, 179, 179, 180, 180, 180, 181, 181, 181, 182, 182, 182, 182, 183, 183, 183, 184, 184, 184, 185, 185, 185, 186, 186, 186, 187, 187, 187, 187, 188, 188, 188, 189, 189, 189, 190, 190, 191, 191, 191, 191, 192, 192, 192, 193, 193, 193, 194, 194, 194, 194, 195, 195, 196, 196, 196, 197, 197, 197, 198, 199, 199, 199, 200, 200, 200, 200, 201, 201, 202, 203, 203, 203, 206, 0, 0, 192, 199, 200, 200, 207, 208, 213]
[4.8, 0, 0, 0, 0, 0, 0, 0, 0, 0, 0, 0, 0, 0, 0, 0, 0, 0, 0, 0, 0, 0, 0, 0, 0, 0, 0, 0, 0, 0, 0, 0, 0, 0, 0, 0, 0, 0, 0, 0, 0, 0, 0, 0, 0, 0, 0, 0, 0, 0, 0, 0, 120, 120, 120, 120, 120, 122, 122, 122, 123, 123, 123, 124, 124, 124, 124, 124, 125, 125, 125, 126, 126, 127, 127, 127, 127, 128, 128, 128, 128, 129, 130, 130, 130, 130, 131, 131, 131, 132, 132, 132, 133, 133, 133, 134, 134, 135, 135, 135, 135, 136, 136, 136, 136, 137, 137, 138, 138, 138, 138, 139, 139, 139, 140, 140, 140, 141, 141, 141, 141, 142, 142, 143, 143, 143, 143, 144, 144, 144, 145, 145, 145, 146, 146, 146, 146, 147, 147, 147, 148, 148, 148, 149, 149, 149, 150, 150, 151, 151, 151, 151, 151, 152, 152, 152, 153, 153, 153, 154, 154, 154, 155, 155, 155, 156, 156, 156, 157, 157, 157, 158, 158, 158, 159, 159, 159, 160, 160, 160, 160, 161, 161, 161, 162, 162, 162, 163, 163, 163, 164, 164, 164, 165, 165, 165, 165, 166, 166, 166, 167, 167, 167, 168, 168, 168, 168, 169, 169, 170, 170, 170, 171, 171, 171, 172, 172, 172, 172, 173, 173, 173, 174, 174, 174, 175, 175, 175, 176, 176, 176, 177, 177, 177, 177, 178, 178, 179, 179, 179, 180, 180, 180, 181, 181, 181, 181, 182, 182, 183, 183, 183, 183, 184, 184, 184, 184, 185, 185, 186, 186, 186, 186, 187, 187, 188, 188, 188, 189, 189, 189, 190, 190, 190, 191, 191, 191, 191, 192, 192, 192, 193, 193, 193, 194, 194, 194, 194, 195, 195, 196, 196, 196, 197, 197, 197, 198, 199, 199, 199, 200, 200, 200, 200, 201, 201, 202, 202, 203, 203, 204, 0, 0, 0, 0, 0, 200, 200, 207, 208, 214]
[9.6, 0, 0, 0, 0, 0, 0, 0, 0, 0, 0, 0, 0, 0, 0, 0, 0, 0, 0, 0, 0, 0, 0, 0, 0, 0, 0, 0, 0, 0, 0, 0, 0, 0, 0, 0, 0, 0, 0, 0, 0, 0, 0, 0, 0, 0, 0, 0, 0, 0, 0, 0, 0, 0, 0, 120, 120, 120, 120, 121, 121, 122, 122, 122, 122, 123, 123, 123, 124, 124, 125, 125, 125, 126, 126, 126, 127, 127, 127, 127, 128, 128, 128, 128, 129, 129, 130, 130, 130, 131, 131, 131, 132, 132, 132, 133, 133, 133, 134, 134, 135, 135, 135, 135, 135, 136, 136, 136, 137, 137, 137, 138, 138, 138, 139, 139, 139, 140, 140, 140, 140, 141, 141, 141, 142, 142, 142, 143, 143, 144, 144, 144, 144, 144, 145, 145, 145, 146, 146, 146, 147, 147, 147, 148, 148, 148, 149, 149, 149, 150, 150, 150, 150, 151, 151, 152, 152, 152, 152, 153, 153, 154, 154, 154, 154, 155, 155, 155, 155, 156, 156, 157, 157, 157, 157, 158, 158, 159, 159, 159, 159, 160, 160, 160, 160, 161, 161, 162, 162, 162, 162, 163, 163, 163, 164, 164, 164, 165, 165, 165, 166, 166, 166, 167, 167, 167, 167, 168, 168, 168, 169, 169, 169, 170, 170, 170, 171, 171, 171, 172, 172, 172, 172, 173, 173, 174, 174, 174, 175, 175, 175, 175, 176, 176, 176, 177, 177, 177, 178, 178, 178, 179, 179, 179, 180, 180, 180, 181, 181, 181, 181, 182, 182, 182, 183, 183, 183, 184, 184, 184, 185, 185, 185, 186, 186, 186, 186, 187, 187, 188, 188, 188, 188, 189, 189, 189, 190, 190, 190, 191, 191, 192, 192, 192, 192, 193, 193, 193, 193, 194, 194, 195, 195, 195, 196, 196, 196, 197, 197, 198, 199, 199, 199, 199, 199, 200, 201, 202, 202, 202, 200, 0, 202, 191, 191, 191, 202, 205, 207, 210, 212]
[14.399999999999999, 0, 0, 0, 0, 0, 0, 0, 0, 0, 0, 0, 0, 0, 0, 0, 0, 0, 0, 0, 0, 0, 0, 0, 0, 0, 0, 0, 0, 0, 0, 0, 0, 0, 0, 0, 0, 0, 0, 0, 0, 0, 0, 0, 0, 0, 0, 0, 0, 0, 0, 0, 0, 0, 120, 120, 120, 120, 121, 121, 122, 122, 122, 122, 122, 123, 123, 124, 124, 124, 125, 125, 125, 126, 127, 127, 127, 127, 128, 128, 128, 128, 129, 129, 129, 130, 130, 130, 130, 131, 131, 132, 132, 132, 133, 133, 133, 134, 134, 135, 135, 135, 135, 135, 136, 136, 136, 137, 137, 137, 138, 138, 138, 139, 139, 139, 139, 140, 140, 140, 140, 141, 141, 142, 142, 142, 143, 143, 143, 144, 144, 144, 144, 145, 145, 145, 146, 146, 146, 147, 147, 147, 148, 148, 148, 149, 149, 149, 149, 150, 150, 150, 151, 151, 151, 152, 152, 152, 152, 153, 153, 154, 154, 154, 155, 155, 155, 156, 156, 156, 156, 157, 157, 157, 158, 158, 158, 159, 159, 159, 160, 160, 160, 160, 161, 161, 161, 162, 162, 162, 163, 163, 163, 164, 164, 164, 165, 165, 165, 166, 166, 166, 166, 167, 167, 167, 168, 168, 168, 169, 169, 169, 170, 170, 170, 171, 171, 171, 171, 172, 172, 172, 173, 173, 173, 174, 174, 175, 175, 175, 175, 176, 176, 176, 176, 177, 177, 178, 178, 178, 179, 179, 179, 179, 180, 180, 180, 181, 181, 182, 182, 182, 182, 183, 183, 183, 183, 184, 184, 185, 185, 185, 185, 186, 186, 186, 187, 187, 187, 188, 188, 188, 189, 189, 189, 190, 190, 190, 191, 191, 191, 192, 192, 192, 193, 193, 193, 194, 194, 195, 195, 195, 195, 196, 196, 196, 196, 197, 198, 198, 199, 199, 199, 199, 200, 200, 201, 202, 202, 202, 200, 0, 0, 191, 191, 198, 200, 200, 206, 210, 212]
[19.2, 0, 0, 0, 0, 0, 0, 0, 0, 0, 0, 0, 0, 0, 0, 0, 0, 0, 0, 0, 0, 0, 0, 0, 0, 0, 0, 0, 0, 0, 0, 0, 0, 0, 0, 0, 0, 0, 0, 0, 0, 0, 0, 0, 0, 0, 0, 0, 0, 0, 0, 0, 0, 120, 120, 120, 120, 121, 121, 122, 122, 122, 122, 123, 123, 124, 124, 124, 124, 125, 125, 125, 126, 127, 127, 127, 127, 127, 128, 128, 128, 129, 129, 129, 130, 130, 130, 131, 131, 131, 132, 132, 132, 133, 133, 133, 133, 134, 134, 135, 135, 135, 135, 136, 136, 136, 137, 137, 137, 138, 138, 138, 138, 139, 139, 139, 140, 140, 140, 141, 141, 142, 142, 142, 142, 143, 143, 143, 143, 144, 144, 144, 145, 145, 146, 146, 146, 146, 147, 147, 147, 148, 148, 148, 149, 149, 149, 149, 150, 150, 150, 151, 151, 152, 152, 152, 152, 153, 153, 153, 154, 154, 154, 154, 155, 155, 155, 156, 156, 156, 157, 157, 157, 158, 158, 158, 159, 159, 159, 160, 160, 160, 160, 161, 161, 161, 162, 162, 162, 163, 163, 163, 164, 164, 164, 165, 165, 165, 165, 166, 166, 167, 167, 167, 168, 168, 168, 168, 168, 169, 169, 170, 170, 170, 170, 171, 171, 172, 172, 172, 173, 173, 173, 174, 174, 174, 174, 175, 175, 175, 176, 176, 176, 177, 177, 177, 178, 178, 178, 179, 179, 179, 179, 180, 180, 181, 181, 181, 181, 182, 182, 183, 183, 183, 183, 184, 184, 184, 185, 185, 185, 186, 186, 186, 186, 187, 187, 188, 188, 188, 188, 189, 189, 190, 190, 190, 191, 191, 191, 191, 191, 192, 192, 193, 193, 193, 194, 194, 194, 195, 195, 195, 196, 196, 196, 197, 197, 198, 198, 199, 199, 200, 200, 200, 200, 201, 201, 202, 202, 202, 0, 0, 0, 190, 195, 195, 200, 200, 207, 213, 215]
[24.0, 0, 0, 0, 0, 0, 0, 0, 0, 0, 0, 0, 0, 0, 0, 0, 0, 0, 0, 0, 0, 0, 0, 0, 0, 0, 0, 0, 0, 0, 0, 0, 0, 0, 0, 0, 0, 0, 0, 0, 0, 0, 0, 0, 0, 0, 0, 0, 120, 120, 120, 120, 120, 120, 121, 121, 122, 123, 123, 123, 123, 123, 124, 124, 124, 125, 125, 125, 125, 126, 126, 127, 127, 127, 127, 128, 128, 128, 129, 129, 129, 130, 130, 130, 131, 131, 131, 132, 132, 132, 133, 133, 133, 134, 134, 134, 135, 135, 135, 136, 136, 136, 136, 137, 137, 138, 138, 138, 138, 139, 139, 139, 140, 140, 140, 141, 141, 141, 141, 142, 142, 143, 143, 143, 143, 144, 144, 144, 144, 145, 145, 146, 146, 146, 147, 147, 147, 148, 148, 148, 148, 149, 149, 149, 149, 150, 150, 151, 151, 151, 151, 152, 152, 153, 153, 153, 153, 154, 154, 154, 155, 155, 155, 156, 156, 156, 156, 157, 157, 158, 158, 158, 159, 159, 159, 160, 160, 160, 160, 161, 161, 161, 162, 162, 162, 163, 163, 163, 164, 164, 164, 165, 165, 165, 165, 166, 166, 166, 167, 167, 167, 168, 168, 168, 169, 169, 169, 170, 170, 170, 170, 171, 171, 171, 172, 172, 172, 173, 173, 174, 174, 174, 174, 175, 175, 175, 176, 176, 176, 177, 177, 177, 177, 178, 178, 179, 179, 179, 180, 180, 180, 180, 181, 181, 182, 182, 182, 182, 183, 183, 183, 184, 184, 184, 185, 185, 185, 186, 186, 186, 187, 187, 187, 188, 188, 188, 188, 189, 189, 189, 190, 190, 190, 191, 191, 191, 192, 192, 192, 193, 193, 193, 194, 194, 194, 195, 195, 195, 195, 196, 196, 197, 197, 197, 198, 198, 198, 199, 199, 200, 200, 200, 201, 201, 202, 202, 203, 203, 203, 203, 0, 0, 0, 0, 0, 0, 200, 205, 207, 0, 0]
[28.799999999999997, 0, 0, 0, 0, 0, 0, 0, 0, 0, 0, 0, 0, 0, 0, 0, 0, 0, 0, 0, 0, 0, 0, 0, 0, 0, 0, 0, 0, 0, 0, 0, 0, 0, 0, 0, 0, 0, 0, 0, 0, 0, 0, 0, 0, 0, 0, 0, 120, 120, 120, 120, 120, 120, 121, 121, 122, 122, 123, 123, 123, 123, 124, 124, 124, 125, 125, 125, 125, 126, 126, 126, 127, 127, 127, 128, 128, 128, 129, 129, 129, 130, 130, 130, 130, 131, 131, 132, 132, 132, 133, 133, 133, 134, 134, 134, 135, 135, 135, 136, 136, 136, 136, 137, 137, 138, 138, 138, 138, 139, 139, 139, 140, 140, 140, 141, 141, 141, 141, 142, 142, 143, 143, 143, 143, 144, 144, 144, 144, 145, 145, 145, 146, 146, 146, 147, 147, 147, 148, 148, 148, 148, 149, 149, 149, 150, 150, 151, 151, 151, 151, 152, 152, 152, 153, 153, 153, 154, 154, 154, 155, 155, 155, 156, 156, 156, 156, 157, 157, 157, 158, 158, 159, 159, 159, 159, 160, 160, 160, 161, 161, 161, 162, 162, 162, 162, 163, 163, 163, 164, 164, 164, 165, 165, 165, 166, 166, 166, 167, 167, 167, 168, 168, 168, 169, 169, 169, 170, 170, 170, 170, 171, 171, 171, 172, 172, 172, 173, 173, 173, 174, 174, 174, 175, 175, 175, 176, 176, 176, 176, 177, 177, 177, 178, 178, 179, 179, 179, 180, 180, 180, 180, 181, 181, 181, 182, 182, 182, 183, 183, 183, 184, 184, 184, 184, 185, 185, 186, 186, 186, 186, 187, 187, 187, 188, 188, 188, 189, 189, 189, 190, 190, 190, 191, 191, 191, 192, 192, 192, 192, 193, 193, 194, 194, 194, 195, 195, 195, 195, 196, 196, 197, 197, 197, 198, 198, 198, 199, 199, 200, 200, 200, 201, 201, 202, 202, 203, 203, 203, 203, 205, 0, 0, 0, 0, 0, 201, 206, 207, 0, 0]
[33.6, 0, 0, 0, 234, 234, 234, 234, 0, 0, 0, 0, 0, 0, 0, 0, 0, 0, 0, 0, 0, 0, 0, 0, 0, 0, 0, 0, 0, 0, 0, 0, 0, 0, 0, 0, 0, 0, 0, 0, 0, 0, 0, 0, 0, 120, 120, 120, 120, 121, 121, 121, 122, 122, 122, 122, 122, 123, 123, 124, 124, 124, 124, 125, 125, 126, 126, 126, 126, 127, 127, 128, 128, 128, 128, 129, 129, 130, 130, 130, 130, 131, 131, 131, 132, 132, 133, 133, 133, 134, 134, 134, 135, 135, 135, 136, 136, 136, 136, 137, 137, 137, 138, 138, 138, 139, 139, 139, 139, 140, 140, 141, 141, 141, 142, 142, 142, 143, 143, 143, 143, 144, 144, 144, 145, 145, 145, 146, 146, 146, 147, 147, 147, 148, 148, 148, 148, 149, 149, 149, 150, 150, 150, 151, 151, 151, 151, 152, 152, 152, 153, 153, 153, 154, 154, 154, 155, 155, 155, 156, 156, 157, 157, 157, 157, 158, 158, 158, 158, 159, 159, 159, 160, 160, 160, 161, 161, 161, 162, 162, 162, 163, 163, 163, 164, 164, 164, 165, 165, 165, 165, 166, 166, 167, 167, 167, 167, 168, 168, 168, 169, 169, 169, 170, 170, 170, 170, 171, 171, 171, 172, 172, 172, 173, 173, 174, 174, 174, 174, 175, 175, 175, 176, 176, 176, 177, 177, 177, 178, 178, 178, 179, 179, 179, 179, 180, 180, 181, 181, 181, 181, 182, 182, 183, 183, 183, 183, 184, 184, 184, 185, 185, 185, 186, 186, 186, 186, 187, 187, 188, 188, 188, 188, 189, 189, 190, 190, 190, 191, 191, 191, 191, 192, 192, 192, 193, 193, 193, 194, 194, 194, 195, 195, 195, 196, 196, 196, 197, 197, 197, 198, 198, 199, 199, 199, 200, 200, 200, 201, 201, 202, 202, 202, 203, 203, 205, 204, 204, 0, 0, 0, 0, 0, 192, 0, 200, 200, 0, 213, 215, 215]
[38.4, 0, 0, 0, 0, 0, 0, 0, 0, 0, 0, 0, 0, 0, 0, 0, 0, 0, 0, 0, 0, 0, 0, 0, 0, 0, 0, 0, 0, 0, 0, 0, 0, 0, 0, 0, 0, 0, 0, 0, 0, 0, 0, 0, 0, 0, 0, 0, 0, 0, 0, 0, 0, 120, 120, 120, 121, 122, 122, 122, 122, 123, 123, 123, 124, 124, 124, 124, 125, 125, 125, 126, 126, 127, 127, 127, 127, 128, 128, 128, 128, 129, 129, 130, 130, 130, 131, 131, 131, 132, 132, 132, 133, 133, 133, 133, 134, 135, 135, 135, 135, 136, 136, 136, 136, 137, 137, 137, 138, 138, 138, 139, 139, 139, 139, 140, 140, 140, 141, 141, 141, 142, 142, 142, 143, 143, 143, 144, 144, 144, 145, 145, 145, 146, 146, 146, 146, 147, 147, 147, 147, 148, 148, 149, 149, 149, 149, 150, 150, 151, 151, 151, 151, 152, 152, 152, 153, 153, 153, 154, 154, 154, 155, 155, 155, 156, 156, 156, 157, 157, 157, 157, 158, 158, 158, 159, 159, 159, 160, 160, 160, 161, 161, 161, 161, 162, 162, 162, 163, 163, 163, 164, 164, 164, 165, 165, 165, 166, 166, 166, 167, 167, 167, 168, 168, 168, 168, 169, 169, 169, 170, 170, 170, 171, 171, 171, 172, 172, 172, 173, 173, 173, 173, 174, 174, 175, 175, 175, 176, 176, 176, 176, 176, 177, 177, 178, 178, 179, 179, 179, 179, 180, 180, 180, 181, 181, 181, 182, 182, 183, 183, 183, 183, 183, 184, 184, 184, 185, 185, 185, 186, 186, 186, 187, 187, 187, 188, 188, 188, 189, 189, 190, 190, 190, 190, 191, 191, 191, 191, 192, 192, 192, 193, 193, 193, 194, 194, 195, 195, 195, 195, 196, 196, 197, 197, 197, 197, 199, 199, 199, 200, 200, 200, 200, 200, 202, 202, 202, 203, 203, 0, 0, 187, 192, 0, 0, 202, 207, 0, 0, 216]
[43.199999999999996, 0, 0, 0, 0, 0, 0, 0, 0, 0, 0, 0, 0, 0, 0, 0, 0, 0, 0, 0, 0, 0, 0, 0, 0, 0, 0, 0, 0, 0, 0, 0, 0, 0, 0, 0, 0, 0, 0, 0, 0, 0, 0, 0, 0, 0, 0, 0, 0, 0, 0, 0, 0, 120, 120, 120, 121, 122, 122, 122, 122, 123, 123, 123, 123, 124, 124, 124, 125, 125, 125, 126, 126, 127, 127, 127, 127, 128, 128, 128, 128, 129, 129, 130, 130, 130, 131, 131, 131, 132, 132, 132, 133, 133, 133, 133, 134, 135, 135, 135, 135, 136, 136, 136, 136, 137, 137, 137, 138, 138, 138, 139, 139, 139, 139, 140, 140, 141, 141, 141, 141, 142, 142, 142, 143, 143, 143, 144, 144, 144, 145, 145, 145, 146, 146, 146, 146, 147, 147, 147, 147, 148, 148, 149, 149, 149, 149, 150, 150, 150, 151, 151, 151, 152, 152, 152, 153, 153, 153, 154, 154, 154, 155, 155, 155, 156, 156, 156, 157, 157, 157, 157, 158, 158, 158, 159, 159, 159, 160, 160, 160, 161, 161, 161, 161, 162, 162, 162, 163, 163, 163, 164, 164, 164, 165, 165, 165, 166, 166, 166, 167, 167, 167, 168, 168, 168, 168, 169, 169, 169, 170, 170, 170, 171, 171, 171, 172, 172, 172, 173, 173, 173, 173, 174, 174, 175, 175, 175, 176, 176, 176, 176, 176, 177, 177, 178, 178, 179, 179, 179, 179, 180, 180, 180, 181, 181, 181, 182, 182, 183, 183, 183, 183, 183, 184, 184, 184, 185, 185, 185, 186, 186, 186, 187, 187, 187, 188, 188, 188, 189, 189, 189, 190, 190, 190, 191, 191, 191, 191, 192, 192, 193, 193, 193, 194, 194, 194, 194, 195, 195, 195, 196, 196, 197, 197, 197, 197, 199, 199, 199, 200, 200, 200, 200, 200, 202, 202, 202, 203, 203, 0, 0, 188, 0, 0, 0, 200, 207, 0, 0, 0]
[48.0, 0, 0, 237, 237, 232, 232, 0, 0, 0, 0, 0, 0, 0, 0, 0, 0, 0, 0, 0, 0, 0, 0, 0, 0, 0, 0, 0, 0, 0, 0, 0, 0, 0, 0, 0, 0, 0, 0, 0, 0, 0, 0, 0, 0, 120, 120, 120, 121, 121, 121, 121, 122, 122, 122, 122, 123, 123, 123, 124, 124, 124, 125, 125, 125, 126, 126, 126, 127, 127, 127, 128, 128, 128, 128, 129, 129, 130, 130, 130, 131, 131, 131, 132, 132, 132, 133, 133, 133, 134, 134, 135, 135, 135, 135, 136, 136, 136, 136, 137, 137, 138, 138, 138, 138, 139, 139, 139, 140, 140, 140, 141, 141, 142, 142, 142, 143, 143, 143, 143, 143, 144, 144, 144, 145, 145, 146, 146, 146, 146, 147, 147, 147, 148, 148, 148, 149, 149, 149, 150, 150, 150, 151, 151, 151, 152, 152, 152, 152, 153, 153, 153, 154, 154, 154, 155, 155, 155, 156, 156, 156, 157, 157, 157, 158, 158, 158, 158, 159, 159, 159, 160, 160, 160, 161, 161, 161, 162, 162, 162, 163, 163, 163, 164, 164, 165, 165, 165, 165, 166, 166, 166, 166, 167, 167, 168, 168, 168, 168, 169, 169, 169, 170, 170, 170, 171, 171, 171, 172, 172, 172, 173, 173, 173, 173, 174, 174, 175, 175, 175, 175, 176, 176, 176, 176, 177, 177, 178, 178, 178, 178, 179, 179, 180, 180, 180, 181, 181, 181, 182, 182, 182, 183, 183, 183, 183, 184, 184, 184, 185, 185, 185, 186, 186, 186, 187, 187, 187, 188, 188, 188, 189, 189, 189, 189, 190, 190, 191, 191, 191, 191, 192, 192, 193, 193, 193, 193, 194, 194, 194, 195, 195, 195, 196, 196, 196, 197, 197, 197, 198, 198, 198, 199, 199, 199, 200, 200, 201, 201, 202, 202, 203, 203, 203, 204, 204, 204, 0, 0, 0, 0, 0, 0, 193, 0, 0, 207, 207, 215, 215, 216]
[52.8, 0, 0, 0, 0, 0, 0, 0, 0, 0, 0, 0, 0, 0, 0, 0, 0, 0, 0, 0, 0, 0, 0, 0, 0, 0, 0, 0, 0, 0, 0, 0, 0, 0, 0, 0, 0, 0, 0, 0, 0, 0, 0, 0, 0, 0, 120, 120, 120, 121, 121, 121, 121, 122, 122, 122, 122, 123, 123, 124, 124, 124, 124, 125, 125, 125, 125, 126, 126, 127, 127, 127, 128, 128, 128, 129, 129, 129, 130, 130, 130, 131, 131, 131, 132, 132, 132, 133, 133, 134, 134, 134, 135, 135, 135, 135, 136, 136, 136, 136, 137, 137, 138, 138, 138, 139, 139, 139, 139, 140, 140, 140, 141, 141, 141, 142, 142, 143, 143, 143, 143, 144, 144, 144, 144, 145, 145, 145, 145, 146, 146, 147, 147, 147, 148, 148, 148, 149, 149, 149, 149, 150, 150, 150, 150, 151, 151, 152, 152, 152, 152, 153, 153, 154, 154, 154, 155, 155, 155, 156, 156, 156, 156, 157, 157, 157, 158, 158, 158, 159, 159, 159, 160, 160, 160, 161, 161, 161, 161, 162, 162, 163, 163, 163, 164, 164, 164, 165, 165, 165, 165, 166, 166, 166, 167, 167, 167, 168, 168, 168, 168, 169, 169, 169, 170, 170, 170, 171, 171, 171, 172, 172, 172, 173, 173, 173, 174, 174, 174, 175, 175, 175, 175, 176, 176, 177, 177, 177, 177, 178, 178, 178, 178, 179, 179, 180, 180, 180, 181, 181, 181, 182, 182, 182, 183, 183, 183, 184, 184, 184, 184, 185, 185, 185, 186, 186, 186, 187, 187, 188, 188, 188, 188, 189, 189, 190, 190, 190, 190, 191, 191, 191, 191, 192, 192, 192, 193, 193, 193, 194, 194, 195, 195, 195, 196, 196, 196, 197, 197, 197, 198, 198, 198, 199, 199, 199, 200, 200, 200, 201, 202, 202, 202, 203, 203, 204, 204, 204, 0, 0, 0, 0, 190, 0, 0, 0, 200, 208, 211, 211, 215]
[57.599999999999994, 0, 0, 0, 232, 232, 0, 0, 0, 0, 0, 0, 0, 0, 0, 0, 0, 0, 0, 0, 0, 0, 0, 0, 0, 0, 0, 0, 0, 0, 0, 0, 0, 0, 0, 0, 0, 0, 0, 0, 0, 0, 0, 0, 0, 120, 120, 120, 120, 120, 120, 121, 121, 122, 122, 122, 122, 122, 123, 124, 124, 124, 124, 125, 125, 125, 125, 126, 127, 127, 127, 127, 127, 128, 128, 128, 129, 129, 130, 130, 130, 131, 131, 131, 131, 132, 132, 133, 133, 134, 134, 134, 135, 135, 135, 135, 135, 136, 136, 136, 137, 137, 137, 138, 138, 139, 139, 139, 139, 140, 140, 140, 140, 141, 141, 142, 142, 142, 143, 143, 143, 144, 144, 144, 144, 144, 145, 145, 145, 146, 146, 147, 147, 147, 147, 148, 148, 148, 149, 149, 149, 150, 150, 150, 150, 151, 151, 152, 152, 152, 152, 153, 153, 154, 154, 154, 154, 155, 155, 156, 156, 156, 156, 157, 157, 157, 158, 158, 158, 159, 159, 159, 160, 160, 160, 160, 161, 161, 161, 162, 162, 162, 163, 163, 163, 164, 164, 164, 165, 165, 165, 166, 166, 166, 167, 167, 167, 167, 168, 168, 168, 169, 169, 169, 170, 170, 170, 171, 171, 171, 171, 172, 172, 173, 173, 173, 173, 174, 174, 175, 175, 175, 175, 176, 176, 177, 177, 177, 177, 178, 178, 178, 178, 179, 179, 180, 180, 180, 181, 181, 181, 182, 182, 182, 183, 183, 183, 183, 184, 184, 184, 185, 185, 185, 186, 186, 186, 187, 187, 187, 188, 188, 188, 189, 189, 189, 189, 190, 190, 191, 191, 191, 191, 192, 192, 192, 193, 193, 193, 194, 194, 194, 195, 195, 195, 196, 196, 196, 197, 197, 197, 198, 198, 199, 199, 199, 199, 200, 200, 201, 201, 202, 202, 203, 203, 204, 204, 203, 0, 0, 0, 0, 0, 0, 0, 199, 206, 207, 210, 211, 216]
[62.4, 0, 0, 0, 0, 0, 0, 0, 0, 0, 0, 0, 0, 0, 0, 0, 0, 0, 0, 0, 0, 0, 0, 0, 0, 0, 0, 0, 0, 0, 0, 0, 0, 0, 0, 0, 0, 0, 0, 0, 0, 0, 120, 120, 120, 120, 121, 121, 121, 121, 122, 122, 122, 123, 123, 123, 124, 124, 125, 125, 125, 125, 125, 126, 126, 127, 127, 127, 127, 128, 128, 128, 128, 129, 129, 130, 130, 130, 131, 131, 131, 132, 132, 132, 133, 133, 133, 134, 134, 135, 135, 135, 135, 136, 136, 136, 136, 137, 137, 138, 138, 138, 139, 139, 139, 140, 140, 140, 141, 141, 141, 142, 142, 143, 143, 143, 143, 143, 144, 144, 144, 145, 145, 145, 146, 146, 146, 147, 147, 147, 148, 148, 148, 149, 149, 149, 149, 150, 150, 150, 151, 151, 151, 152, 152, 152, 152, 153, 153, 153, 154, 154, 154, 155, 155, 155, 156, 156, 157, 157, 157, 158, 158, 158, 158, 159, 159, 159, 160, 160, 160, 161, 161, 161, 162, 162, 162, 162, 163, 163, 163, 164, 164, 164, 165, 165, 165, 166, 166, 166, 167, 167, 167, 168, 168, 168, 169, 169, 169, 170, 170, 170, 170, 171, 171, 171, 172, 172, 172, 173, 173, 173, 174, 174, 174, 175, 175, 175, 176, 176, 176, 176, 177, 177, 177, 178, 178, 179, 179, 179, 179, 180, 180, 180, 181, 181, 182, 182, 182, 183, 183, 183, 183, 184, 184, 184, 185, 185, 185, 186, 186, 186, 187, 187, 187, 188, 188, 189, 189, 189, 189, 190, 190, 190, 190, 191, 191, 192, 192, 192, 192, 193, 193, 194, 194, 194, 194, 195, 195, 195, 196, 196, 196, 197, 197, 197, 198, 198, 198, 199, 199, 200, 200, 200, 200, 201, 201, 202, 202, 203, 203, 203, 203, 204, 204, 205, 206, 206, 207, 203, 0, 0, 0, 0, 0, 200, 0, 0, 211, 212, 215]
[67.2, 0, 0, 0, 0, 0, 0, 0, 0, 0, 0, 0, 0, 0, 0, 0, 0, 0, 0, 0, 0, 0, 0, 0, 0, 0, 0, 0, 0, 0, 0, 0, 0, 0, 0, 0, 0, 0, 0, 0, 0, 0, 0, 0, 0, 120, 120, 120, 120, 121, 121, 121, 122, 122, 122, 122, 122, 123, 123, 124, 124, 124, 125, 125, 125, 125, 125, 126, 126, 127, 127, 127, 128, 128, 128, 128, 129, 130, 130, 130, 130, 131, 131, 131, 132, 132, 132, 133, 133, 133, 134, 134, 135, 135, 135, 135, 136, 136, 136, 137, 137, 137, 138, 138, 138, 139, 139, 139, 139, 140, 140, 140, 141, 141, 142, 142, 142, 143, 143, 143, 143, 144, 144, 144, 144, 145, 145, 146, 146, 146, 146, 147, 147, 148, 148, 148, 148, 149, 149, 149, 149, 150, 150, 151, 151, 151, 151, 152, 152, 152, 153, 153, 153, 154, 154, 154, 155, 155, 155, 156, 156, 157, 157, 157, 157, 157, 158, 158, 158, 159, 159, 159, 160, 160, 160, 161, 161, 161, 161, 162, 162, 163, 163, 163, 164, 164, 164, 165, 165, 165, 165, 166, 166, 167, 167, 167, 167, 168, 168, 168, 168, 169, 169, 170, 170, 170, 170, 171, 171, 171, 172, 172, 172, 173, 173, 173, 174, 174, 174, 175, 175, 175, 176, 176, 176, 177, 177, 177, 178, 178, 178, 178, 178, 179, 179, 180, 180, 181, 181, 181, 181, 182, 182, 183, 183, 183, 183, 184, 184, 184, 184, 185, 185, 185, 186, 186, 186, 187, 187, 188, 188, 188, 188, 189, 189, 190, 190, 190, 191, 191, 191, 191, 192, 192, 192, 193, 193, 193, 194, 194, 194, 195, 195, 195, 196, 196, 196, 197, 197, 197, 198, 198, 199, 199, 199, 199, 200, 200, 201, 201, 202, 202, 202, 203, 204, 203, 203, 203, 0, 0, 0, 0, 0, 193, 194, 201, 202, 0, 0, 218, 218]
[72.0, 0, 0, 0, 0, 0, 0, 0, 0, 0, 0, 0, 0, 0, 0, 0, 0, 0, 0, 0, 0, 0, 0, 0, 0, 0, 0, 0, 0, 0, 0, 0, 0, 0, 0, 0, 0, 0, 0, 0, 0, 0, 0, 0, 0, 120, 120, 120, 120, 121, 121, 121, 122, 122, 122, 122, 122, 123, 123, 124, 124, 124, 125, 125, 125, 125, 126, 126, 126, 127, 127, 127, 128, 128, 128, 128, 129, 130, 130, 130, 130, 131, 131, 131, 132, 132, 132, 133, 133, 133, 134, 134, 135, 135, 135, 135, 136, 136, 136, 137, 137, 137, 138, 138, 138, 139, 139, 139, 139, 140, 140, 140, 141, 141, 141, 142, 142, 143, 143, 143, 143, 144, 144, 144, 144, 145, 145, 146, 146, 146, 147, 147, 147, 148, 148, 148, 148, 149, 149, 149, 149, 150, 150, 151, 151, 151, 151, 152, 152, 152, 153, 153, 153, 154, 154, 154, 155, 155, 155, 156, 156, 157, 157, 157, 157, 157, 158, 158, 158, 159, 159, 159, 160, 160, 160, 161, 161, 161, 161, 162, 162, 163, 163, 163, 164, 164, 164, 165, 165, 165, 165, 166, 166, 167, 167, 167, 167, 168, 168, 168, 168, 169, 169, 170, 170, 170, 170, 171, 171, 171, 172, 172, 172, 173, 173, 173, 174, 174, 174, 175, 175, 175, 176, 176, 176, 177, 177, 177, 178, 178, 178, 178, 178, 179, 179, 180, 180, 181, 181, 181, 181, 182, 182, 183, 183, 183, 183, 184, 184, 184, 184, 185, 185, 185, 186, 186, 187, 187, 187, 188, 188, 188, 188, 189, 189, 190, 190, 190, 191, 191, 191, 191, 192, 192, 192, 193, 193, 193, 194, 194, 194, 195, 195, 195, 196, 196, 196, 197, 197, 197, 198, 198, 199, 199, 199, 199, 200, 200, 200, 201, 202, 202, 202, 203, 204, 204, 204, 0, 0, 0, 0, 0, 0, 192, 195, 202, 202, 208, 208, 0, 218]
[76.8, 0, 237, 232, 232, 232, 232, 0, 0, 0, 0, 0, 0, 0, 0, 0, 0, 0, 0, 0, 0, 0, 0, 0, 0, 0, 0, 0, 0, 0, 0, 0, 0, 0, 0, 0, 0, 0, 0, 0, 0, 120, 120, 120, 120, 120, 121, 121, 121, 122, 122, 122, 123, 123, 123, 124, 124, 124, 124, 125, 125, 125, 125, 126, 126, 127, 127, 127, 127, 128, 128, 128, 128, 129, 130, 130, 130, 131, 131, 131, 131, 132, 132, 132, 133, 133, 133, 134, 134, 135, 135, 135, 136, 136, 136, 136, 136, 137, 138, 138, 138, 138, 139, 139, 139, 140, 140, 140, 141, 141, 141, 142, 142, 143, 143, 143, 143, 144, 144, 144, 144, 145, 145, 145, 146, 146, 147, 147, 147, 148, 148, 148, 149, 149, 149, 149, 150, 150, 150, 151, 151, 151, 152, 152, 152, 152, 153, 153, 153, 154, 154, 154, 155, 155, 155, 156, 156, 156, 157, 157, 157, 158, 158, 158, 159, 159, 159, 160, 160, 160, 160, 161, 161, 162, 162, 162, 163, 163, 163, 164, 164, 164, 164, 165, 165, 166, 166, 166, 167, 167, 167, 167, 167, 168, 168, 168, 169, 169, 169, 170, 170, 170, 171, 171, 171, 172, 172, 172, 173, 173, 173, 174, 174, 174, 175, 175, 175, 176, 176, 176, 177, 177, 177, 178, 178, 178, 179, 179, 179, 180, 180, 180, 180, 181, 181, 182, 182, 182, 183, 183, 183, 184, 184, 184, 184, 185, 185, 185, 186, 186, 186, 187, 187, 187, 188, 188, 188, 189, 189, 189, 190, 190, 190, 191, 191, 191, 192, 192, 192, 192, 193, 193, 193, 194, 194, 194, 195, 195, 196, 196, 196, 197, 197, 197, 198, 198, 198, 199, 199, 199, 200, 200, 200, 200, 201, 201, 201, 202, 202, 203, 203, 204, 204, 204, 205, 206, 206, 207, 207, 203, 0, 189, 189, 195, 197, 199, 0, 207, 211, 0, 216]
[81.6, 0, 0, 236, 237, 0, 0, 0, 0, 0, 0, 0, 0, 0, 0, 0, 0, 0, 0, 0, 0, 0, 0, 0, 0, 0, 0, 0, 0, 0, 0, 0, 0, 0, 0, 0, 0, 0, 0, 0, 0, 120, 120, 120, 120, 120, 121, 121, 121, 122, 122, 122, 123, 123, 123, 124, 124, 124, 124, 125, 125, 125, 125, 126, 126, 127, 127, 127, 127, 128, 128, 128, 128, 129, 130, 130, 130, 131, 131, 131, 131, 132, 132, 132, 133, 133, 133, 134, 134, 135, 135, 135, 135, 136, 136, 136, 136, 137, 137, 138, 138, 138, 139, 139, 139, 140, 140, 140, 141, 141, 141, 142, 142, 143, 143, 143, 143, 144, 144, 144, 144, 145, 145, 145, 146, 146, 147, 147, 147, 148, 148, 148, 149, 149, 149, 149, 150, 150, 150, 151, 151, 151, 152, 152, 152, 152, 153, 153, 153, 154, 154, 154, 155, 155, 155, 156, 156, 156, 157, 157, 157, 158, 158, 158, 159, 159, 159, 160, 160, 160, 160, 161, 161, 162, 162, 162, 162, 163, 163, 164, 164, 164, 164, 165, 165, 166, 166, 166, 167, 167, 167, 167, 167, 168, 168, 168, 169, 169, 169, 170, 170, 170, 171, 171, 171, 172, 172, 172, 173, 173, 173, 174, 174, 174, 175, 175, 175, 176, 176, 176, 177, 177, 177, 178, 178, 178, 178, 179, 179, 180, 180, 180, 180, 181, 181, 181, 182, 182, 182, 183, 183, 183, 184, 184, 184, 184, 185, 185, 186, 186, 186, 187, 187, 187, 188, 188, 188, 189, 189, 189, 190, 190, 190, 191, 191, 191, 192, 192, 192, 192, 193, 193, 193, 194, 194, 194, 195, 195, 195, 196, 196, 196, 197, 197, 197, 198, 198, 199, 199, 199, 199, 200, 200, 200, 201, 201, 201, 202, 202, 203, 203, 204, 204, 204, 205, 206, 206, 207, 207, 203, 0, 189, 189, 192, 199, 199, 0, 0, 0, 0, 219]
[86.39999999999999, 0, 0, 236, 232, 0, 0, 0, 232, 0, 0, 0, 0, 0, 0, 0, 0, 0, 0, 0, 0, 0, 0, 0, 0, 0, 0, 0, 0, 0, 0, 0, 0, 0, 0, 0, 0, 0, 0, 0, 0, 0, 0, 0, 0, 120, 120, 121, 121, 121, 122, 122, 122, 123, 123, 123, 123, 124, 124, 124, 125, 125, 125, 125, 126, 127, 127, 127, 127, 127, 128, 128, 128, 129, 129, 130, 130, 130, 131, 131, 131, 132, 132, 132, 132, 133, 133, 133, 134, 134, 135, 135, 135, 136, 136, 136, 136, 137, 137, 138, 138, 138, 138, 139, 139, 140, 140, 140, 140, 141, 141, 141, 142, 142, 142, 143, 143, 143, 143, 144, 144, 144, 145, 145, 145, 146, 146, 146, 147, 147, 147, 148, 148, 148, 149, 149, 149, 150, 150, 150, 151, 151, 151, 151, 152, 152, 152, 153, 153, 153, 154, 154, 154, 155, 155, 155, 156, 156, 156, 157, 157, 157, 158, 158, 158, 158, 159, 159, 159, 160, 160, 160, 161, 161, 161, 162, 162, 162, 163, 163, 163, 164, 164, 164, 165, 165, 165, 166, 166, 166, 167, 167, 167, 168, 168, 168, 168, 169, 169, 169, 170, 170, 170, 171, 171, 171, 171, 172, 172, 173, 173, 173, 173, 174, 174, 175, 175, 175, 176, 176, 176, 176, 177, 177, 177, 178, 178, 179, 179, 179, 179, 180, 180, 180, 181, 181, 181, 182, 182, 182, 183, 183, 183, 184, 184, 184, 184, 185, 185, 186, 186, 186, 187, 187, 187, 188, 188, 188, 189, 189, 189, 189, 190, 190, 190, 191, 191, 191, 192, 192, 192, 193, 193, 194, 194, 194, 194, 195, 195, 195, 196, 196, 196, 197, 197, 197, 198, 198, 198, 199, 199, 199, 200, 200, 200, 201, 201, 201, 202, 202, 203, 203, 203, 204, 204, 205, 206, 206, 206, 206, 0, 190, 190, 194, 196, 199, 0, 0, 0, 0, 219]
[91.2, 232, 232, 232, 232, 232, 232, 232, 188, 232, 232, 232, 232, 232, 232, 232, 191, 232, 232, 232, 232, 232, 193, 193, 194, 195, 195, 232, 232, 232, 232, 232, 232, 197, 198, 198, 198, 199, 0, 232, 233, 185, 187, 192, 195, 196, 200, 232, 233, 232, 232, 232, 232, 232, 232, 232, 232, 237, 238, 0, 237, 238, 236, 237, 237, 0, 0, 0, 0, 0, 0, 0, 0, 0, 0, 0, 0, 0, 0, 0, 0, 0, 0, 0, 0, 0, 0, 0, 0, 0, 0, 0, 0, 120, 120, 120, 120, 122, 122, 122, 123, 123, 123, 123, 124, 125, 125, 125, 125, 125, 126, 126, 127, 127, 127, 127, 128, 128, 128, 128, 128, 129, 129, 130, 130, 131, 131, 131, 132, 132, 132, 133, 133, 133, 133, 134, 134, 135, 135, 135, 136, 136, 136, 136, 137, 137, 138, 138, 138, 139, 139, 139, 139, 140, 140, 140, 141, 141, 141, 142, 142, 143, 143, 143, 144, 144, 144, 144, 144, 145, 145, 146, 146, 146, 147, 147, 147, 148, 148, 148, 149, 149, 149, 150, 150, 150, 150, 151, 151, 151, 152, 152, 152, 153, 153, 153, 154, 154, 154, 155, 155, 155, 155, 156, 156, 157, 157, 157, 157, 158, 158, 159, 159, 159, 159, 160, 160, 160, 160, 161, 161, 162, 162, 162, 162, 163, 163, 164, 164, 164, 164, 165, 165, 166, 166, 166, 167, 167, 167, 167, 168, 168, 168, 169, 169, 169, 170, 170, 170, 171, 171, 171, 172, 172, 172, 173, 173, 173, 173, 174, 174, 175, 175, 175, 175, 176, 176, 176, 177, 177, 177, 178, 178, 178, 179, 179, 179, 180, 180, 180, 180, 181, 181, 182, 182, 182, 183, 183, 183, 184, 184, 184, 185, 185, 185, 186, 186, 186, 187, 187, 187, 187, 188, 188, 189, 189, 189, 190, 190, 190, 191, 191, 191, 192, 192, 192, 192, 192, 193, 193, 194]
[96.0, 0, 0, 224, 224, 232, 232, 0, 230, 0, 0, 0, 0, 0, 0, 0, 0, 0, 0, 0, 0, 0, 0, 0, 0, 0, 0, 0, 0, 0, 0, 0, 0, 0, 0, 0, 0, 0, 0, 0, 0, 0, 0, 0, 0, 0, 120, 120, 120, 122, 122, 122, 122, 123, 123, 123, 123, 124, 124, 125, 125, 125, 125, 126, 126, 127, 127, 127, 127, 128, 128, 128, 128, 128, 129, 129, 130, 130, 130, 131, 131, 132, 132, 132, 132, 133, 133, 133, 134, 134, 135, 135, 135, 136, 136, 136, 136, 137, 137, 137, 138, 138, 138, 139, 139, 139, 140, 140, 140, 141, 141, 141, 142, 142, 143, 143, 143, 143, 143, 144, 144, 144, 145, 145, 145, 146, 146, 146, 147, 147, 147, 148, 148, 148, 149, 149, 149, 150, 150, 150, 151, 151, 151, 152, 152, 152, 152, 153, 153, 153, 154, 154, 154, 155, 155, 155, 156, 156, 156, 157, 157, 157, 158, 158, 158, 158, 159, 159, 159, 160, 160, 160, 161, 161, 161, 162, 162, 162, 163, 163, 163, 164, 164, 164, 165, 165, 165, 166, 166, 166, 167, 167, 167, 168, 168, 168, 168, 169, 169, 169, 170, 170, 170, 171, 171, 171, 171, 172, 172, 173, 173, 173, 173, 174, 174, 175, 175, 175, 176, 176, 176, 176, 177, 177, 177, 178, 178, 179, 179, 179, 179, 180, 180, 180, 181, 181, 181, 182, 182, 182, 183, 183, 183, 184, 184, 184, 185, 185, 185, 186, 186, 186, 187, 187, 187, 188, 188, 189, 189, 189, 189, 189, 190, 190, 190, 191, 191, 192, 192, 192, 192, 193, 193, 194, 194, 194, 194, 195, 195, 195, 196, 196, 196, 197, 197, 197, 198, 198, 198, 199, 199, 199, 200, 200, 200, 201, 201, 202, 202, 203, 203, 203, 204, 204, 204, 205, 205, 205, 205, 206, 0, 0, 0, 0, 0, 0, 202, 0, 0, 0, 219]
[100.8, 0, 232, 232, 232, 232, 232, 235, 234, 233, 234, 234, 234, 234, 0, 0, 0, 0, 0, 0, 0, 0, 0, 0, 0, 0, 0, 0, 0, 0, 0, 0, 0, 0, 0, 0, 0, 0, 0, 0, 0, 0, 120, 120, 120, 120, 121, 122, 122, 122, 123, 123, 123, 124, 124, 124, 124, 125, 125, 125, 126, 126, 127, 127, 127, 127, 128, 128, 128, 128, 129, 129, 129, 130, 130, 130, 131, 131, 131, 132, 132, 133, 133, 133, 134, 134, 135, 135, 135, 135, 136, 136, 136, 136, 137, 137, 137, 138, 138, 139, 139, 139, 140, 140, 140, 141, 141, 141, 142, 142, 142, 143, 143, 143, 143, 144, 144, 144, 144, 145, 145, 146, 146, 146, 147, 147, 147, 148, 148, 148, 149, 149, 149, 150, 150, 150, 150, 151, 151, 151, 152, 152, 152, 153, 153, 153, 154, 154, 154, 155, 155, 155, 156, 156, 156, 157, 157, 157, 157, 158, 158, 159, 159, 159, 159, 160, 160, 160, 160, 161, 161, 162, 162, 162, 163, 163, 163, 164, 164, 164, 165, 165, 165, 166, 166, 167, 167, 167, 167, 168, 168, 168, 168, 169, 169, 169, 170, 170, 170, 171, 171, 171, 172, 172, 172, 173, 173, 173, 174, 174, 174, 175, 175, 175, 176, 176, 176, 177, 177, 177, 177, 178, 178, 178, 179, 179, 179, 180, 180, 180, 181, 181, 181, 182, 182, 182, 183, 183, 184, 184, 184, 184, 184, 185, 185, 186, 186, 186, 187, 187, 187, 188, 188, 188, 188, 189, 189, 190, 190, 190, 191, 191, 191, 192, 192, 192, 192, 193, 193, 193, 194, 194, 194, 195, 195, 195, 196, 196, 196, 197, 197, 197, 198, 198, 199, 199, 199, 199, 199, 200, 200, 201, 201, 201, 202, 202, 202, 203, 203, 204, 204, 204, 205, 205, 205, 207, 207, 207, 207, 208, 0, 0, 0, 0, 0, 0, 207, 207, 0, 0, 219]
[105.6, 0, 0, 232, 232, 232, 0, 0, 0, 0, 0, 0, 0, 0, 0, 0, 0, 0, 0, 0, 0, 0, 0, 0, 0, 0, 0, 0, 0, 0, 0, 0, 0, 0, 0, 0, 0, 0, 0, 0, 0, 0, 0, 0, 0, 120, 120, 120, 120, 122, 122, 123, 123, 123, 124, 124, 124, 125, 125, 125, 125, 126, 127, 127, 127, 128, 128, 128, 128, 129, 129, 130, 130, 130, 130, 130, 131, 131, 132, 132, 132, 133, 133, 133, 133, 134, 135, 135, 135, 136, 136, 136, 136, 136, 137, 137, 137, 138, 139, 139, 139, 139, 140, 140, 140, 141, 141, 141, 142, 142, 143, 143, 143, 143, 144, 144, 144, 145, 145, 145, 145, 146, 146, 147, 147, 147, 148, 148, 148, 149, 149, 149, 150, 150, 150, 151, 151, 151, 152, 152, 152, 152, 153, 153, 153, 154, 154, 155, 155, 155, 155, 156, 156, 156, 157, 157, 157, 158, 158, 159, 159, 159, 159, 160, 160, 160, 161, 161, 161, 162, 162, 162, 163, 163, 163, 164, 164, 164, 165, 165, 165, 166, 166, 166, 166, 167, 167, 168, 168, 168, 168, 169, 169, 170, 170, 170, 170, 171, 171, 171, 172, 172, 172, 173, 173, 173, 173, 174, 174, 175, 175, 175, 176, 176, 176, 177, 177, 177, 178, 178, 178, 179, 179, 179, 180, 180, 180, 181, 181, 181, 181, 182, 182, 183, 183, 183, 184, 184, 184, 184, 184, 185, 185, 186, 186, 186, 187, 187, 187, 188, 188, 188, 189, 189, 189, 190, 190, 191, 191, 191, 191, 192, 192, 192, 192, 193, 193, 194, 194, 194, 195, 195, 195, 196, 196, 196, 196, 197, 197, 198, 198, 198, 199, 199, 199, 200, 200, 200, 200, 201, 201, 202, 202, 202, 203, 203, 203, 204, 204, 205, 205, 205, 205, 206, 206, 207, 207, 208, 208, 208, 0, 0, 0, 199, 200, 203, 206, 0, 0, 0, 220]
[110.39999999999999, 0, 0, 0, 0, 232, 0, 0, 0, 0, 0, 0, 0, 0, 0, 0, 0, 0, 0, 0, 0, 0, 0, 0, 0, 0, 0, 0, 0, 0, 0, 0, 0, 0, 0, 0, 0, 0, 0, 0, 0, 0, 0, 0, 120, 120, 120, 120, 120, 121, 122, 122, 123, 123, 123, 123, 123, 125, 125, 125, 125, 125, 126, 127, 127, 127, 128, 128, 128, 129, 129, 129, 130, 130, 130, 130, 131, 131, 132, 132, 132, 133, 133, 133, 133, 134, 134, 135, 135, 136, 136, 136, 136, 136, 137, 137, 138, 138, 138, 139, 139, 139, 140, 140, 140, 141, 141, 141, 142, 142, 143, 143, 143, 144, 144, 144, 144, 144, 145, 145, 145, 146, 146, 147, 147, 147, 148, 148, 148, 149, 149, 149, 150, 150, 150, 151, 151, 151, 151, 152, 152, 152, 153, 153, 153, 154, 154, 154, 155, 155, 155, 156, 156, 156, 157, 157, 157, 158, 158, 159, 159, 159, 159, 160, 160, 160, 160, 161, 161, 162, 162, 162, 163, 163, 163, 164, 164, 164, 164, 165, 165, 165, 166, 166, 166, 167, 167, 168, 168, 168, 168, 169, 169, 169, 170, 170, 170, 171, 171, 171, 172, 172, 172, 173, 173, 173, 173, 174, 174, 175, 175, 175, 175, 176, 176, 176, 177, 177, 177, 178, 178, 178, 179, 179, 179, 180, 180, 180, 181, 181, 181, 182, 182, 183, 183, 183, 183, 184, 184, 184, 184, 185, 185, 186, 186, 186, 187, 187, 187, 188, 188, 188, 189, 189, 189, 190, 190, 190, 191, 191, 191, 191, 192, 192, 192, 193, 193, 193, 194, 194, 194, 195, 195, 196, 196, 196, 196, 197, 197, 197, 198, 198, 198, 199, 199, 199, 200, 200, 200, 201, 201, 201, 202, 202, 202, 203, 203, 204, 204, 204, 204, 205, 205, 205, 206, 207, 207, 207, 208, 208, 0, 0, 0, 199, 199, 204, 204, 204, 0, 0, 0]
[115.19999999999999, 0, 0, 0, 237, 238, 0, 0, 0, 0, 0, 0, 237, 238, 0, 0, 0, 0, 0, 0, 0, 0, 0, 0, 0, 0, 0, 0, 0, 0, 0, 0, 0, 0, 0, 0, 0, 0, 0, 0, 0, 0, 0, 0, 0, 120, 120, 120, 120, 121, 122, 122, 123, 123, 124, 124, 124, 125, 125, 125, 125, 126, 127, 127, 127, 128, 128, 128, 128, 129, 129, 129, 129, 130, 130, 131, 131, 131, 132, 132, 132, 133, 133, 133, 133, 134, 135, 135, 135, 136, 136, 136, 136, 137, 137, 137, 137, 138, 139, 139, 139, 140, 140, 140, 140, 141, 141, 141, 142, 142, 143, 143, 143, 144, 144, 144, 144, 145, 145, 145, 145, 146, 146, 147, 147, 147, 148, 148, 148, 149, 149, 150, 150, 150, 150, 151, 151, 151, 152, 152, 152, 152, 153, 153, 153, 154, 154, 155, 155, 155, 155, 156, 156, 157, 157, 157, 157, 158, 158, 159, 159, 159, 160, 160, 160, 160, 161, 161, 161, 162, 162, 162, 163, 163, 163, 164, 164, 164, 165, 165, 165, 166, 166, 166, 166, 167, 167, 168, 168, 168, 168, 169, 169, 169, 170, 170, 170, 171, 171, 172, 172, 172, 172, 173, 173, 173, 173, 174, 174, 175, 175, 175, 176, 176, 176, 177, 177, 177, 178, 178, 178, 178, 179, 179, 179, 180, 180, 181, 181, 181, 181, 182, 182, 183, 183, 183, 184, 184, 184, 184, 184, 185, 185, 186, 186, 186, 187, 187, 187, 188, 188, 188, 189, 189, 189, 190, 190, 191, 191, 191, 191, 192, 192, 192, 192, 193, 193, 194, 194, 194, 195, 195, 195, 196, 196, 196, 197, 197, 197, 198, 198, 198, 199, 199, 199, 199, 200, 200, 200, 201, 201, 201, 202, 202, 203, 203, 203, 204, 204, 205, 205, 205, 206, 206, 206, 207, 207, 208, 208, 208, 0, 0, 0, 199, 199, 200, 0, 0, 0, 221, 221]
[120.0, 0, 0, 0, 234, 234, 234, 234, 234, 234, 234, 234, 234, 234, 234, 234, 234, 0, 0, 0, 0, 0, 0, 0, 0, 0, 0, 0, 0, 0, 0, 0, 0, 0, 0, 0, 0, 0, 0, 0, 0, 0, 0, 0, 0, 120, 120, 120, 120, 122, 122, 122, 123, 123, 123, 124, 124, 125, 125, 125, 125, 125, 126, 126, 126, 127, 127, 127, 127, 128, 128, 128, 128, 129, 130, 130, 130, 131, 131, 131, 132, 132, 132, 133, 133, 133, 133, 134, 134, 135, 135, 135, 136, 136, 136, 136, 137, 137, 138, 138, 138, 138, 139, 139, 139, 140, 140, 140, 141, 141, 141, 142, 142, 143, 143, 143, 143, 144, 144, 144, 144, 145, 145, 146, 146, 146, 147, 147, 147, 148, 148, 148, 149, 149, 149, 150, 150, 150, 150, 151, 151, 151, 152, 152, 152, 153, 153, 153, 154, 154, 154, 155, 155, 155, 155, 156, 156, 156, 157, 157, 157, 158, 158, 158, 159, 159, 159, 160, 160, 160, 161, 161, 161, 162, 162, 162, 162, 163, 163, 164, 164, 164, 164, 165, 165, 166, 166, 166, 167, 167, 167, 167, 168, 168, 168, 169, 169, 169, 170, 170, 170, 171, 171, 171, 171, 172, 172, 173, 173, 173, 173, 174, 174, 175, 175, 175, 175, 176, 176, 176, 177, 177, 177, 178, 178, 179, 179, 179, 179, 180, 180, 180, 180, 181, 181, 182, 182, 182, 183, 183, 183, 184, 184, 184, 185, 185, 185, 186, 186, 186, 187, 187, 187, 187, 188, 188, 189, 189, 189, 190, 190, 190, 191, 191, 191, 192, 192, 192, 192, 193, 193, 193, 194, 194, 194, 195, 195, 195, 196, 196, 196, 197, 197, 197, 198, 198, 198, 199, 199, 200, 200, 200, 200, 200, 201, 201, 202, 202, 203, 203, 204, 204, 204, 204, 205, 206, 206, 207, 207, 0, 0, 0, 0, 0, 0, 201, 0, 0, 0, 0, 0]
[124.8, 0, 0, 237, 236, 236, 237, 0, 0, 232, 232, 0, 0, 0, 0, 0, 0, 0, 0, 0, 0, 0, 0, 0, 0, 0, 0, 0, 0, 0, 0, 0, 0, 0, 0, 0, 0, 0, 0, 0, 0, 0, 0, 120, 0, 120, 120, 120, 120, 121, 122, 123, 123, 123, 123, 124, 124, 125, 125, 125, 125, 126, 127, 127, 127, 127, 128, 128, 128, 129, 129, 130, 130, 130, 130, 130, 131, 131, 132, 132, 132, 133, 133, 133, 133, 134, 134, 135, 135, 135, 136, 136, 136, 137, 137, 137, 137, 138, 138, 139, 139, 139, 140, 140, 140, 141, 141, 141, 142, 142, 143, 143, 143, 144, 144, 144, 144, 145, 145, 145, 145, 146, 146, 147, 147, 147, 148, 148, 148, 149, 149, 149, 150, 150, 150, 151, 151, 151, 152, 152, 152, 152, 153, 153, 153, 154, 154, 155, 155, 155, 155, 156, 156, 156, 157, 157, 157, 158, 158, 159, 159, 159, 159, 160, 160, 160, 160, 161, 161, 162, 162, 162, 163, 163, 163, 164, 164, 164, 165, 165, 165, 166, 166, 166, 166, 167, 167, 168, 168, 168, 168, 169, 169, 170, 170, 170, 170, 171, 171, 171, 172, 172, 172, 173, 173, 173, 173, 174, 174, 175, 175, 175, 176, 176, 176, 177, 177, 177, 178, 178, 178, 178, 179, 179, 179, 180, 180, 181, 181, 181, 182, 182, 182, 183, 183, 183, 184, 184, 184, 184, 184, 185, 185, 186, 186, 186, 187, 187, 187, 188, 188, 188, 189, 189, 189, 190, 190, 191, 191, 191, 191, 191, 192, 192, 192, 193, 193, 194, 194, 194, 194, 195, 195, 196, 196, 196, 196, 197, 197, 198, 198, 198, 199, 199, 199, 199, 200, 200, 200, 201, 201, 201, 202, 202, 203, 203, 203, 204, 204, 205, 205, 205, 205, 206, 206, 207, 207, 207, 208, 208, 208, 0, 0, 0, 201, 201, 206, 206, 0, 0, 0]
[129.6, 0, 0, 238, 237, 238, 231, 0, 238, 232, 232, 232, 232, 232, 0, 0, 0, 0, 0, 0, 0, 0, 0, 0, 0, 0, 0, 0, 0, 0, 0, 0, 0, 0, 0, 0, 0, 0, 0, 0, 0, 120, 120, 120, 120, 120, 120, 120, 121, 122, 122, 123, 123, 123, 124, 124, 124, 125, 125, 125, 126, 127, 127, 127, 127, 128, 128, 128, 128, 129, 130, 130, 130, 130, 130, 131, 131, 131, 132, 132, 132, 133, 133, 133, 134, 134, 135, 135, 135, 136, 136, 136, 136, 137, 137, 138, 138, 138, 139, 139, 139, 140, 140, 140, 140, 141, 141, 142, 142, 142, 143, 143, 143, 144, 144, 144, 144, 145, 145, 145, 146, 146, 146, 147, 147, 147, 148, 148, 148, 149, 149, 150, 150, 150, 150, 151, 151, 151, 152, 152, 152, 152, 153, 153, 153, 154, 154, 155, 155, 155, 155, 156, 156, 157, 157, 157, 157, 158, 158, 159, 159, 159, 160, 160, 160, 160, 160, 161, 161, 162, 162, 162, 163, 163, 163, 164, 164, 164, 165, 165, 165, 166, 166, 166, 167, 167, 167, 168, 168, 168, 168, 169, 169, 169, 170, 170, 170, 171, 171, 171, 172, 172, 172, 173, 173, 173, 173, 174, 174, 175, 175, 175, 175, 176, 176, 177, 177, 177, 177, 178, 178, 179, 179, 179, 179, 180, 180, 180, 181, 181, 182, 182, 182, 182, 183, 183, 183, 184, 184, 184, 184, 185, 185, 186, 186, 186, 187, 187, 187, 188, 188, 188, 189, 189, 189, 190, 190, 190, 191, 191, 191, 191, 192, 192, 192, 193, 193, 194, 194, 194, 194, 195, 195, 196, 196, 196, 196, 197, 197, 198, 198, 198, 198, 199, 199, 199, 200, 200, 200, 201, 201, 201, 202, 202, 202, 203, 203, 204, 204, 204, 205, 205, 205, 205, 206, 207, 207, 207, 208, 208, 208, 0, 0, 0, 200, 200, 205, 205, 0, 0, 0]
[134.4, 0, 0, 0, 0, 0, 0, 230, 230, 232, 0, 0, 232, 0, 234, 234, 235, 231, 230, 0, 0, 0, 0, 0, 232, 0, 0, 0, 0, 0, 0, 0, 0, 0, 0, 0, 0, 0, 0, 0, 0, 0, 0, 0, 0, 120, 120, 120, 120, 121, 122, 122, 123, 123, 123, 124, 124, 125, 125, 125, 125, 126, 126, 126, 126, 127, 128, 128, 128, 128, 129, 129, 130, 130, 130, 130, 131, 131, 131, 132, 132, 133, 133, 133, 133, 134, 134, 135, 135, 135, 135, 136, 136, 137, 137, 137, 137, 138, 138, 139, 139, 139, 140, 140, 140, 141, 141, 141, 142, 142, 143, 143, 143, 143, 144, 144, 144, 144, 145, 145, 145, 146, 146, 147, 147, 147, 147, 148, 148, 149, 149, 149, 150, 150, 150, 151, 151, 151, 151, 152, 152, 152, 153, 153, 153, 154, 154, 154, 155, 155, 155, 156, 156, 156, 157, 157, 157, 158, 158, 158, 159, 159, 159, 160, 160, 160, 160, 161, 161, 161, 162, 162, 162, 163, 163, 163, 164, 164, 164, 165, 165, 165, 166, 166, 166, 167, 167, 167, 168, 168, 168, 169, 169, 169, 169, 170, 170, 171, 171, 171, 172, 172, 172, 172, 173, 173, 173, 174, 174, 175, 175, 175, 175, 176, 176, 176, 176, 177, 177, 178, 178, 178, 178, 179, 179, 180, 180, 180, 181, 181, 181, 182, 182, 182, 183, 183, 183, 184, 184, 184, 184, 185, 185, 186, 186, 186, 186, 187, 187, 188, 188, 188, 188, 189, 189, 190, 190, 190, 190, 191, 191, 191, 192, 192, 192, 193, 193, 193, 194, 194, 194, 194, 195, 195, 196, 196, 196, 197, 197, 197, 197, 198, 198, 199, 199, 199, 199, 200, 200, 200, 201, 201, 202, 202, 202, 203, 203, 203, 204, 204, 205, 205, 205, 205, 206, 207, 207, 207, 208, 208, 208, 0, 0, 0, 200, 200, 204, 205, 0, 0, 216]
[139.2, 0, 0, 0, 0, 232, 230, 229, 0, 0, 0, 0, 0, 0, 0, 0, 0, 0, 0, 0, 0, 0, 0, 0, 0, 0, 0, 0, 0, 0, 0, 0, 0, 0, 0, 0, 0, 0, 0, 0, 0, 0, 0, 0, 0, 0, 120, 120, 120, 121, 122, 122, 123, 123, 123, 124, 124, 125, 125, 125, 125, 126, 126, 126, 126, 127, 127, 128, 128, 128, 129, 129, 130, 130, 130, 130, 131, 131, 131, 132, 132, 133, 133, 133, 133, 134, 134, 135, 135, 135, 136, 136, 136, 136, 137, 137, 137, 138, 138, 139, 139, 139, 140, 140, 140, 141, 141, 141, 142, 142, 142, 143, 143, 143, 144, 144, 144, 144, 145, 145, 145, 146, 146, 146, 147, 147, 147, 148, 148, 149, 149, 149, 150, 150, 150, 151, 151, 151, 151, 152, 152, 152, 153, 153, 153, 154, 154, 154, 155, 155, 155, 156, 156, 156, 157, 157, 157, 158, 158, 158, 159, 159, 159, 160, 160, 160, 160, 161, 161, 161, 162, 162, 162, 163, 163, 163, 164, 164, 164, 165, 165, 165, 166, 166, 166, 167, 167, 167, 168, 168, 168, 169, 169, 169, 169, 170, 170, 171, 171, 171, 172, 172, 172, 172, 173, 173, 173, 174, 174, 175, 175, 175, 175, 176, 176, 176, 176, 177, 177, 178, 178, 178, 178, 179, 179, 180, 180, 180, 181, 181, 181, 182, 182, 182, 183, 183, 183, 184, 184, 184, 184, 185, 185, 186, 186, 186, 186, 187, 187, 187, 188, 188, 188, 189, 189, 190, 190, 190, 190, 191, 191, 191, 192, 192, 192, 193, 193, 193, 194, 194, 194, 194, 195, 195, 196, 196, 196, 197, 197, 197, 197, 198, 198, 199, 199, 199, 199, 200, 200, 201, 201, 201, 201, 202, 202, 202, 203, 203, 204, 204, 205, 205, 205, 205, 206, 207, 207, 207, 207, 208, 208, 0, 0, 0, 200, 200, 204, 205, 0, 0, 0]
[144.0, 0, 238, 238, 0, 232, 232, 232, 232, 232, 232, 0, 0, 0, 0, 0, 0, 0, 0, 0, 0, 0, 0, 0, 0, 0, 0, 0, 0, 0, 0, 0, 0, 0, 0, 0, 0, 0, 0, 0, 0, 0, 0, 0, 0, 120, 120, 120, 120, 121, 122, 122, 122, 123, 123, 123, 123, 125, 125, 125, 125, 126, 126, 126, 126, 127, 128, 128, 128, 128, 129, 129, 130, 130, 130, 130, 131, 131, 131, 132, 132, 133, 133, 133, 133, 134, 134, 135, 135, 135, 135, 136, 136, 137, 137, 137, 137, 138, 138, 139, 139, 139, 140, 140, 140, 141, 141, 141, 142, 142, 142, 143, 143, 143, 144, 144, 144, 144, 145, 145, 145, 146, 146, 146, 147, 147, 147, 148, 148, 149, 149, 149, 150, 150, 150, 150, 151, 151, 151, 152, 152, 152, 153, 153, 153, 154, 154, 154, 155, 155, 155, 156, 156, 156, 157, 157, 157, 158, 158, 158, 159, 159, 159, 160, 160, 160, 160, 161, 161, 161, 162, 162, 162, 163, 163, 163, 164, 164, 164, 165, 165, 165, 166, 166, 166, 167, 167, 167, 168, 168, 168, 169, 169, 169, 169, 170, 170, 171, 171, 171, 171, 172, 172, 172, 173, 173, 173, 174, 174, 175, 175, 175, 175, 176, 176, 176, 176, 177, 177, 178, 178, 178, 178, 179, 179, 180, 180, 180, 181, 181, 181, 182, 182, 182, 183, 183, 183, 184, 184, 184, 184, 185, 185, 186, 186, 186, 186, 187, 187, 188, 188, 188, 188, 189, 189, 190, 190, 190, 190, 191, 191, 191, 192, 192, 192, 193, 193, 193, 194, 194, 194, 194, 195, 195, 196, 196, 196, 197, 197, 197, 197, 198, 198, 199, 199, 199, 199, 200, 200, 201, 201, 201, 201, 202, 202, 203, 203, 203, 204, 204, 205, 205, 205, 205, 206, 207, 207, 207, 207, 208, 208, 0, 0, 0, 200, 200, 204, 205, 0, 0, 0]
[148.79999999999998, 0, 0, 232, 232, 234, 0, 0, 0, 232, 232, 232, 232, 232, 232, 232, 0, 0, 0, 0, 0, 0, 0, 0, 0, 0, 0, 0, 0, 0, 0, 0, 0, 0, 0, 0, 0, 0, 0, 0, 0, 0, 0, 0, 0, 120, 120, 120, 120, 122, 122, 122, 123, 123, 123, 124, 124, 125, 125, 125, 125, 126, 127, 127, 127, 128, 128, 128, 128, 128, 129, 129, 129, 130, 130, 130, 131, 131, 132, 132, 132, 133, 133, 133, 134, 134, 135, 135, 135, 136, 136, 136, 136, 137, 137, 137, 137, 138, 138, 139, 139, 139, 140, 140, 140, 141, 141, 141, 142, 142, 143, 143, 143, 143, 144, 144, 144, 145, 145, 145, 145, 146, 146, 147, 147, 147, 148, 148, 148, 149, 149, 149, 150, 150, 150, 151, 151, 151, 151, 152, 152, 152, 153, 153, 153, 154, 154, 155, 155, 155, 155, 156, 156, 157, 157, 157, 157, 158, 158, 159, 159, 159, 159, 160, 160, 160, 160, 161, 161, 162, 162, 162, 163, 163, 163, 164, 164, 164, 165, 165, 165, 166, 166, 166, 166, 167, 167, 168, 168, 168, 168, 169, 169, 169, 170, 170, 170, 171, 171, 171, 172, 172, 172, 173, 173, 173, 173, 174, 174, 175, 175, 175, 175, 176, 176, 176, 177, 177, 177, 178, 178, 178, 179, 179, 179, 180, 180, 181, 181, 181, 181, 182, 182, 183, 183, 183, 183, 184, 184, 184, 184, 185, 185, 186, 186, 186, 187, 187, 187, 188, 188, 188, 189, 189, 189, 190, 190, 191, 191, 191, 191, 191, 192, 192, 192, 193, 193, 194, 194, 194, 194, 195, 195, 196, 196, 196, 196, 197, 197, 197, 198, 198, 198, 199, 199, 199, 200, 200, 200, 201, 201, 201, 202, 202, 202, 203, 203, 204, 204, 205, 205, 205, 205, 205, 206, 207, 207, 208, 208, 208, 0, 0, 0, 199, 199, 199, 0, 0, 0, 0, 216]
[153.6, 0, 0, 232, 232, 232, 0, 0, 0, 232, 232, 232, 232, 232, 0, 0, 0, 232, 232, 0, 0, 0, 0, 0, 0, 0, 0, 0, 0, 0, 0, 0, 0, 0, 0, 0, 0, 0, 0, 0, 0, 0, 0, 0, 0, 120, 120, 120, 120, 122, 122, 122, 123, 123, 123, 124, 124, 124, 125, 125, 125, 126, 127, 127, 127, 127, 128, 128, 128, 128, 129, 129, 129, 130, 130, 130, 131, 131, 132, 132, 132, 133, 133, 133, 133, 134, 134, 135, 135, 135, 136, 136, 136, 137, 137, 137, 137, 138, 138, 139, 139, 139, 140, 140, 140, 141, 141, 141, 142, 142, 142, 143, 143, 144, 144, 144, 144, 145, 145, 145, 145, 146, 146, 147, 147, 147, 148, 148, 148, 149, 149, 149, 150, 150, 150, 151, 151, 151, 151, 152, 152, 152, 153, 153, 153, 154, 154, 155, 155, 155, 155, 156, 156, 157, 157, 157, 157, 158, 158, 159, 159, 159, 159, 160, 160, 160, 160, 161, 161, 162, 162, 162, 163, 163, 163, 164, 164, 164, 165, 165, 165, 166, 166, 166, 166, 167, 167, 168, 168, 168, 168, 169, 169, 169, 170, 170, 170, 171, 171, 171, 172, 172, 172, 173, 173, 173, 174, 174, 174, 175, 175, 175, 175, 176, 176, 177, 177, 177, 177, 178, 178, 178, 179, 179, 179, 180, 180, 181, 181, 181, 181, 182, 182, 183, 183, 183, 183, 184, 184, 184, 184, 185, 185, 186, 186, 186, 187, 187, 187, 188, 188, 188, 189, 189, 189, 190, 190, 191, 191, 191, 191, 191, 192, 192, 192, 193, 193, 194, 194, 194, 194, 195, 195, 196, 196, 196, 196, 197, 197, 197, 198, 198, 199, 199, 199, 199, 200, 200, 200, 201, 201, 201, 202, 202, 202, 203, 203, 204, 204, 205, 205, 205, 205, 206, 206, 207, 207, 208, 208, 208, 0, 0, 0, 199, 199, 199, 0, 0, 0, 0, 0]
[158.4, 0, 236, 238, 237, 238, 237, 0, 238, 232, 232, 232, 232, 232, 0, 0, 0, 0, 0, 0, 0, 0, 0, 0, 0, 0, 0, 0, 0, 0, 0, 0, 0, 0, 0, 0, 0, 0, 0, 0, 0, 0, 0, 0, 120, 120, 120, 120, 120, 122, 122, 122, 123, 123, 123, 124, 124, 125, 125, 125, 125, 126, 127, 127, 127, 127, 128, 128, 128, 128, 129, 129, 129, 130, 130, 130, 131, 131, 132, 132, 132, 133, 133, 133, 134, 134, 134, 135, 135, 136, 136, 136, 136, 137, 137, 137, 137, 138, 138, 139, 139, 139, 140, 140, 140, 141, 141, 141, 142, 142, 142, 143, 143, 144, 144, 144, 144, 145, 145, 145, 145, 146, 146, 147, 147, 147, 148, 148, 148, 149, 149, 149, 150, 150, 150, 151, 151, 151, 151, 152, 152, 152, 153, 153, 153, 154, 154, 155, 155, 155, 155, 156, 156, 157, 157, 157, 157, 158, 158, 159, 159, 159, 160, 160, 160, 160, 160, 161, 161, 162, 162, 162, 163, 163, 163, 164, 164, 164, 165, 165, 165, 166, 166, 166, 166, 167, 167, 168, 168, 168, 168, 169, 169, 169, 170, 170, 170, 171, 171, 171, 172, 172, 172, 173, 173, 173, 173, 174, 174, 175, 175, 175, 175, 176, 176, 177, 177, 177, 177, 178, 178, 178, 179, 179, 179, 180, 180, 181, 181, 181, 181, 182, 182, 183, 183, 183, 183, 184, 184, 184, 184, 185, 185, 186, 186, 186, 187, 187, 187, 188, 188, 188, 189, 189, 189, 190, 190, 191, 191, 191, 191, 192, 192, 192, 192, 193, 193, 194, 194, 194, 194, 195, 195, 196, 196, 196, 196, 197, 197, 197, 198, 198, 199, 199, 199, 199, 200, 200, 200, 201, 201, 201, 202, 202, 202, 203, 203, 204, 204, 205, 205, 205, 205, 205, 206, 207, 207, 208, 208, 208, 0, 0, 0, 199, 199, 199, 0, 0, 0, 0, 0]
[163.2, 236, 236, 238, 238, 238, 238, 236, 224, 232, 232, 232, 232, 232, 232, 232, 0, 0, 0, 0, 0, 0, 0, 0, 0, 0, 0, 0, 0, 0, 0, 0, 0, 0, 0, 0, 0, 0, 0, 0, 0, 0, 0, 0, 0, 120, 120, 120, 120, 122, 122, 122, 123, 123, 123, 123, 123, 125, 125, 125, 125, 126, 126, 127, 127, 127, 128, 128, 128, 128, 129, 129, 129, 130, 130, 130, 131, 131, 132, 132, 132, 133, 133, 133, 133, 134, 134, 135, 135, 135, 136, 136, 136, 137, 137, 137, 138, 138, 138, 139, 139, 139, 140, 140, 140, 141, 141, 141, 142, 142, 143, 143, 143, 144, 144, 144, 144, 144, 145, 145, 146, 146, 146, 147, 147, 147, 148, 148, 148, 149, 149, 149, 150, 150, 151, 151, 151, 151, 152, 152, 152, 152, 153, 153, 153, 154, 154, 155, 155, 155, 155, 156, 156, 157, 157, 157, 157, 158, 158, 159, 159, 159, 160, 160, 160, 160, 161, 161, 161, 162, 162, 162, 163, 163, 163, 164, 164, 164, 165, 165, 165, 166, 166, 166, 166, 167, 167, 168, 168, 168, 168, 169, 169, 170, 170, 170, 171, 171, 171, 172, 172, 172, 172, 173, 173, 173, 174, 174, 174, 175, 175, 175, 176, 176, 176, 177, 177, 177, 178, 178, 178, 178, 179, 179, 180, 180, 180, 181, 181, 181, 181, 182, 182, 183, 183, 183, 184, 184, 184, 184, 185, 185, 185, 186, 186, 186, 187, 187, 187, 188, 188, 189, 189, 189, 189, 190, 190, 191, 191, 191, 191, 192, 192, 192, 192, 193, 193, 194, 194, 194, 194, 195, 195, 196, 196, 196, 197, 197, 197, 198, 198, 198, 199, 199, 199, 200, 200, 200, 200, 201, 201, 202, 202, 202, 203, 203, 203, 204, 204, 205, 205, 205, 205, 206, 206, 207, 207, 208, 208, 208, 208, 0, 0, 0, 0, 0, 0, 0, 0, 0, 0]
[168.0, 0, 237, 237, 238, 238, 0, 237, 237, 232, 230, 0, 0, 231, 232, 0, 232, 0, 0, 0, 0, 0, 0, 0, 0, 0, 0, 0, 0, 0, 0, 0, 0, 0, 0, 0, 0, 0, 0, 0, 0, 0, 0, 0, 0, 120, 120, 120, 120, 121, 122, 122, 122, 123, 123, 123, 123, 125, 125, 125, 125, 126, 126, 127, 127, 127, 128, 128, 128, 129, 129, 129, 129, 130, 130, 130, 131, 131, 132, 132, 132, 133, 133, 133, 133, 134, 135, 135, 135, 135, 136, 136, 136, 136, 137, 137, 138, 138, 138, 139, 139, 139, 140, 140, 140, 141, 141, 141, 142, 142, 143, 143, 143, 144, 144, 144, 144, 144, 145, 145, 146, 146, 146, 147, 147, 147, 148, 148, 148, 149, 149, 149, 150, 150, 150, 151, 151, 151, 152, 152, 152, 152, 153, 153, 153, 154, 154, 155, 155, 155, 155, 156, 156, 157, 157, 157, 157, 158, 158, 159, 159, 159, 160, 160, 160, 160, 161, 161, 161, 162, 162, 162, 163, 163, 163, 164, 164, 164, 165, 165, 165, 166, 166, 166, 166, 167, 167, 168, 168, 168, 168, 169, 169, 170, 170, 170, 171, 171, 171, 172, 172, 172, 172, 173, 173, 173, 174, 174, 174, 175, 175, 175, 176, 176, 176, 177, 177, 177, 178, 178, 178, 178, 179, 179, 180, 180, 180, 181, 181, 181, 181, 182, 182, 183, 183, 183, 184, 184, 184, 184, 185, 185, 185, 186, 186, 186, 187, 187, 187, 188, 188, 189, 189, 189, 189, 190, 190, 191, 191, 191, 191, 192, 192, 192, 192, 193, 193, 194, 194, 194, 195, 195, 195, 196, 196, 196, 197, 197, 197, 198, 198, 198, 199, 199, 199, 199, 200, 200, 200, 201, 201, 201, 202, 202, 203, 203, 203, 204, 204, 205, 205, 205, 205, 206, 207, 207, 207, 208, 208, 208, 208, 0, 0, 0, 0, 0, 0, 0, 214, 0, 0]
[172.79999999999998, 0, 236, 238, 237, 238, 237, 0, 238, 238, 237, 238, 0, 238, 0, 0, 238, 0, 0, 0, 0, 0, 0, 0, 0, 0, 0, 0, 0, 0, 0, 0, 0, 0, 0, 0, 0, 0, 0, 0, 0, 0, 0, 0, 0, 0, 0, 120, 120, 121, 122, 122, 122, 123, 123, 124, 124, 124, 124, 125, 125, 125, 126, 126, 126, 127, 127, 127, 128, 128, 128, 129, 129, 130, 130, 130, 130, 131, 131, 132, 132, 132, 132, 133, 133, 133, 134, 135, 135, 135, 135, 136, 136, 136, 137, 137, 137, 138, 138, 138, 139, 139, 140, 140, 140, 141, 141, 141, 141, 142, 142, 142, 143, 143, 143, 144, 144, 144, 145, 145, 145, 146, 146, 146, 147, 147, 147, 148, 148, 149, 149, 149, 149, 150, 150, 150, 151, 151, 151, 152, 152, 152, 153, 153, 153, 154, 154, 154, 155, 155, 155, 156, 156, 157, 157, 157, 157, 158, 158, 159, 159, 159, 159, 160, 160, 160, 160, 161, 161, 162, 162, 162, 163, 163, 163, 164, 164, 164, 164, 165, 165, 165, 166, 166, 166, 167, 167, 167, 168, 168, 168, 169, 169, 169, 169, 170, 170, 171, 171, 171, 171, 172, 172, 173, 173, 173, 173, 174, 174, 175, 175, 175, 175, 176, 176, 176, 177, 177, 177, 178, 178, 178, 179, 179, 179, 180, 180, 181, 181, 181, 181, 182, 182, 182, 183, 183, 183, 184, 184, 184, 184, 185, 185, 186, 186, 186, 187, 187, 187, 188, 188, 188, 189, 189, 189, 190, 190, 190, 191, 191, 191, 191, 192, 192, 192, 193, 193, 193, 194, 194, 194, 195, 195, 196, 196, 196, 196, 197, 197, 197, 198, 198, 198, 199, 199, 199, 200, 200, 200, 201, 201, 201, 202, 202, 202, 203, 203, 203, 204, 204, 205, 205, 206, 206, 206, 207, 207, 207, 208, 208, 0, 0, 0, 0, 0, 200, 200, 207, 208, 0, 0]
[177.6, 0, 0, 232, 232, 232, 232, 0, 0, 227, 0, 0, 0, 0, 0, 224, 0, 0, 0, 0, 0, 0, 0, 0, 0, 0, 0, 0, 0, 0, 0, 0, 0, 0, 0, 0, 0, 0, 0, 0, 0, 0, 0, 0, 0, 0, 0, 0, 0, 120, 120, 120, 120, 120, 120, 120, 120, 122, 122, 122, 123, 124, 124, 124, 125, 125, 126, 126, 127, 127, 127, 127, 127, 129, 129, 129, 130, 130, 131, 131, 131, 132, 132, 132, 133, 133, 133, 134, 134, 135, 135, 135, 135, 136, 136, 136, 137, 137, 138, 138, 138, 139, 139, 139, 139, 140, 140, 140, 141, 141, 141, 142, 142, 143, 143, 143, 143, 144, 144, 144, 144, 145, 145, 146, 146, 146, 147, 147, 147, 148, 148, 149, 149, 149, 149, 150, 150, 151, 151, 151, 151, 152, 152, 152, 152, 153, 153, 154, 154, 154, 155, 155, 155, 156, 156, 156, 157, 157, 157, 158, 158, 159, 159, 159, 159, 160, 160, 160, 160, 161, 161, 162, 162, 162, 163, 163, 163, 164, 164, 164, 165, 165, 165, 166, 166, 166, 167, 167, 167, 167, 168, 168, 168, 169, 169, 170, 170, 170, 170, 171, 171, 171, 172, 172, 172, 173, 173, 173, 174, 174, 174, 175, 175, 175, 176, 176, 176, 177, 177, 177, 178, 178, 178, 179, 179, 179, 179, 180, 180, 181, 181, 181, 181, 182, 182, 183, 183, 183, 183, 184, 184, 184, 185, 185, 185, 186, 186, 186, 187, 187, 187, 188, 188, 188, 189, 189, 189, 190, 190, 191, 191, 191, 191, 192, 192, 192, 193, 193, 193, 194, 194, 194, 194, 195, 195, 196, 196, 196, 197, 197, 197, 198, 198, 198, 199, 199, 199, 200, 200, 200, 200, 201, 201, 202, 202, 202, 202, 203, 203, 204, 204, 205, 205, 205, 206, 207, 207, 207, 208, 208, 208, 0, 0, 0, 0, 0, 0, 0, 0, 0, 0]
[182.4, 0, 0, 232, 232, 232, 234, 235, 235, 237, 237, 238, 235, 232, 232, 232, 232, 232, 0, 0, 0, 0, 0, 0, 0, 0, 0, 0, 0, 0, 0, 0, 0, 0, 0, 0, 0, 0, 0, 0, 0, 0, 0, 0, 120, 120, 120, 120, 120, 121, 122, 122, 122, 123, 123, 123, 123, 125, 125, 125, 125, 126, 126, 126, 126, 127, 127, 128, 128, 128, 128, 129, 129, 130, 130, 130, 131, 131, 131, 132, 132, 132, 133, 133, 133, 134, 134, 135, 135, 135, 135, 136, 136, 136, 137, 137, 137, 138, 138, 139, 139, 139, 140, 140, 140, 141, 141, 141, 141, 142, 143, 143, 143, 143, 144, 144, 144, 144, 145, 145, 145, 146, 146, 147, 147, 147, 148, 148, 148, 149, 149, 149, 150, 150, 150, 151, 151, 151, 151, 152, 152, 152, 153, 153, 153, 154, 154, 154, 155, 155, 155, 156, 156, 157, 157, 157, 157, 158, 158, 159, 159, 159, 159, 160, 160, 160, 160, 161, 161, 162, 162, 162, 163, 163, 163, 164, 164, 164, 165, 165, 165, 166, 166, 166, 166, 167, 167, 168, 168, 168, 168, 169, 169, 169, 170, 170, 170, 171, 171, 171, 172, 172, 172, 173, 173, 173, 173, 174, 174, 175, 175, 175, 175, 176, 176, 177, 177, 177, 177, 178, 178, 178, 179, 179, 179, 180, 180, 181, 181, 181, 181, 182, 182, 183, 183, 183, 183, 184, 184, 184, 184, 185, 185, 186, 186, 186, 187, 187, 187, 188, 188, 188, 189, 189, 189, 190, 190, 190, 191, 191, 191, 192, 192, 192, 192, 193, 193, 194, 194, 194, 194, 195, 195, 196, 196, 196, 196, 197, 197, 197, 198, 198, 198, 199, 199, 199, 200, 200, 200, 201, 201, 201, 202, 202, 203, 203, 203, 204, 204, 204, 205, 205, 205, 206, 206, 207, 207, 207, 208, 208, 208, 0, 0, 0, 197, 0, 0, 0, 0, 0, 216]
[187.2, 0, 237, 232, 232, 232, 232, 237, 0, 0, 0, 0, 0, 234, 234, 234, 234, 0, 0, 0, 0, 0, 0, 0, 0, 0, 0, 0, 0, 0, 0, 0, 0, 0, 0, 0, 0, 0, 0, 0, 0, 0, 0, 0, 0, 0, 0, 0, 0, 120, 120, 120, 120, 121, 122, 122, 122, 123, 123, 123, 124, 124, 124, 125, 125, 127, 127, 127, 128, 128, 129, 129, 129, 129, 130, 130, 130, 131, 131, 131, 132, 132, 132, 133, 133, 133, 134, 134, 134, 135, 135, 135, 136, 136, 136, 137, 137, 138, 138, 138, 138, 139, 139, 139, 140, 140, 140, 141, 141, 141, 142, 142, 143, 143, 143, 143, 144, 144, 144, 145, 145, 145, 146, 146, 146, 147, 147, 147, 148, 148, 149, 149, 149, 149, 150, 150, 150, 151, 151, 151, 152, 152, 152, 153, 153, 153, 154, 154, 154, 155, 155, 155, 156, 156, 156, 157, 157, 157, 158, 158, 158, 159, 159, 159, 160, 160, 160, 161, 161, 161, 161, 162, 162, 163, 163, 163, 164, 164, 164, 165, 165, 165, 165, 166, 166, 167, 167, 167, 168, 168, 168, 168, 169, 169, 169, 170, 170, 170, 171, 171, 171, 172, 172, 172, 173, 173, 173, 174, 174, 175, 175, 175, 175, 176, 176, 176, 177, 177, 177, 178, 178, 178, 179, 179, 179, 180, 180, 180, 181, 181, 181, 182, 182, 182, 183, 183, 183, 183, 184, 184, 184, 185, 185, 186, 186, 186, 186, 187, 187, 187, 188, 188, 188, 189, 189, 190, 190, 190, 190, 191, 191, 191, 192, 192, 192, 193, 193, 193, 194, 194, 194, 195, 195, 195, 196, 196, 196, 197, 197, 197, 198, 198, 198, 199, 199, 199, 200, 200, 200, 201, 201, 201, 202, 202, 202, 203, 203, 203, 204, 204, 205, 205, 205, 206, 206, 207, 207, 208, 208, 208, 0, 0, 0, 194, 194, 0, 0, 0, 0, 0, 0]
[192.0, 0, 0, 0, 238, 0, 238, 237, 237, 232, 232, 232, 232, 237, 237, 0, 0, 0, 0, 0, 232, 0, 0, 0, 0, 0, 0, 0, 0, 0, 0, 0, 0, 0, 0, 0, 0, 0, 0, 0, 0, 0, 0, 0, 0, 0, 0, 0, 0, 0, 0, 120, 120, 120, 120, 120, 121, 122, 123, 123, 124, 124, 125, 125, 125, 126, 126, 127, 128, 128, 128, 129, 129, 129, 129, 130, 130, 130, 131, 131, 131, 132, 132, 132, 133, 133, 133, 134, 134, 134, 135, 135, 136, 136, 136, 136, 136, 137, 138, 138, 138, 138, 139, 139, 139, 140, 140, 141, 141, 141, 141, 142, 142, 143, 143, 143, 143, 144, 144, 144, 144, 145, 145, 146, 146, 146, 147, 147, 147, 148, 148, 149, 149, 149, 149, 150, 150, 151, 151, 151, 151, 152, 152, 152, 152, 153, 153, 154, 154, 154, 155, 155, 155, 156, 156, 156, 157, 157, 157, 158, 158, 159, 159, 159, 159, 160, 160, 160, 160, 161, 161, 162, 162, 162, 163, 163, 163, 164, 164, 164, 165, 165, 165, 166, 166, 166, 167, 167, 167, 168, 168, 168, 168, 169, 169, 170, 170, 170, 170, 171, 171, 172, 172, 172, 172, 173, 173, 173, 174, 174, 174, 175, 175, 175, 176, 176, 176, 177, 177, 177, 178, 178, 178, 179, 179, 179, 180, 180, 180, 181, 181, 181, 181, 182, 182, 183, 183, 183, 184, 184, 184, 184, 185, 185, 185, 186, 186, 186, 187, 187, 187, 188, 188, 188, 189, 189, 189, 190, 190, 190, 191, 191, 191, 192, 192, 192, 193, 193, 193, 194, 194, 194, 194, 195, 195, 196, 196, 196, 197, 197, 197, 198, 198, 198, 199, 199, 199, 200, 200, 200, 200, 201, 201, 202, 202, 202, 202, 203, 203, 204, 204, 205, 205, 205, 206, 207, 207, 207, 208, 208, 0, 0, 0, 194, 194, 0, 0, 0, 0, 0, 216]
[196.79999999999998, 0, 0, 234, 234, 234, 234, 234, 234, 232, 232, 232, 231, 232, 232, 0, 0, 232, 232, 232, 232, 0, 0, 0, 0, 0, 0, 0, 0, 0, 0, 0, 0, 0, 0, 0, 0, 0, 0, 0, 0, 0, 0, 0, 0, 0, 0, 0, 0, 0, 0, 0, 120, 120, 120, 121, 121, 122, 123, 123, 123, 124, 124, 125, 125, 126, 127, 127, 127, 127, 128, 128, 128, 129, 129, 130, 130, 130, 130, 131, 131, 132, 132, 132, 132, 133, 133, 134, 134, 134, 135, 135, 135, 136, 136, 136, 136, 137, 137, 138, 138, 138, 139, 139, 139, 140, 140, 140, 141, 141, 141, 142, 142, 143, 143, 143, 143, 144, 144, 144, 144, 145, 145, 146, 146, 146, 147, 147, 147, 148, 148, 148, 149, 149, 149, 150, 150, 151, 151, 151, 151, 152, 152, 152, 152, 153, 153, 154, 154, 154, 155, 155, 155, 156, 156, 156, 157, 157, 157, 158, 158, 159, 159, 159, 159, 159, 160, 160, 160, 161, 161, 162, 162, 162, 162, 163, 163, 164, 164, 164, 165, 165, 165, 166, 166, 166, 167, 167, 167, 167, 168, 168, 168, 169, 169, 169, 170, 170, 170, 171, 171, 171, 172, 172, 172, 173, 173, 173, 173, 174, 174, 175, 175, 175, 176, 176, 176, 177, 177, 177, 177, 178, 178, 178, 179, 179, 179, 180, 180, 181, 181, 181, 181, 182, 182, 183, 183, 183, 183, 184, 184, 184, 185, 185, 185, 186, 186, 186, 187, 187, 187, 188, 188, 188, 188, 189, 189, 190, 190, 190, 191, 191, 191, 192, 192, 192, 192, 193, 193, 194, 194, 194, 194, 195, 195, 195, 196, 196, 196, 197, 197, 198, 198, 198, 199, 199, 199, 199, 200, 200, 200, 201, 201, 201, 202, 202, 202, 203, 203, 204, 204, 204, 205, 205, 205, 207, 207, 207, 207, 0, 0, 0, 0, 194, 194, 0, 0, 0, 0, 0, 216]
[201.6, 0, 234, 234, 234, 234, 234, 234, 234, 234, 234, 234, 234, 234, 228, 229, 229, 0, 0, 0, 0, 0, 0, 0, 0, 0, 0, 0, 0, 0, 0, 0, 0, 0, 0, 0, 0, 0, 0, 0, 0, 0, 0, 0, 0, 0, 0, 0, 0, 0, 0, 0, 120, 120, 120, 120, 121, 122, 122, 123, 123, 124, 124, 125, 125, 126, 127, 127, 128, 128, 128, 129, 129, 129, 129, 130, 130, 130, 131, 131, 131, 132, 132, 132, 133, 133, 133, 134, 134, 134, 135, 135, 136, 136, 136, 136, 137, 137, 138, 138, 138, 139, 139, 139, 139, 140, 140, 141, 141, 141, 142, 142, 142, 143, 143, 143, 144, 144, 144, 144, 145, 145, 145, 146, 146, 147, 147, 147, 147, 148, 148, 149, 149, 149, 150, 150, 150, 151, 151, 151, 151, 152, 152, 152, 152, 153, 153, 154, 154, 154, 155, 155, 155, 156, 156, 157, 157, 157, 157, 158, 158, 159, 159, 159, 159, 160, 160, 160, 160, 161, 161, 162, 162, 162, 163, 163, 163, 164, 164, 164, 165, 165, 165, 166, 166, 167, 167, 167, 167, 168, 168, 168, 168, 169, 169, 170, 170, 170, 170, 171, 171, 172, 172, 172, 172, 173, 173, 173, 174, 174, 174, 175, 175, 175, 176, 176, 176, 177, 177, 177, 178, 178, 178, 179, 179, 179, 180, 180, 180, 181, 181, 181, 181, 182, 182, 183, 183, 183, 184, 184, 184, 184, 185, 185, 185, 186, 186, 186, 187, 187, 187, 188, 188, 188, 189, 189, 189, 190, 190, 191, 191, 191, 191, 192, 192, 192, 193, 193, 193, 194, 194, 194, 194, 195, 195, 196, 196, 196, 197, 197, 197, 198, 198, 198, 199, 199, 199, 200, 200, 200, 200, 201, 201, 202, 202, 202, 202, 203, 203, 204, 204, 205, 205, 205, 205, 207, 207, 207, 207, 208, 0, 0, 0, 194, 0, 0, 0, 0, 0, 0, 0]
[206.4, 0, 0, 232, 232, 232, 232, 232, 232, 0, 238, 0, 235, 232, 0, 0, 0, 0, 0, 0, 0, 0, 0, 0, 0, 0, 0, 0, 0, 0, 0, 0, 0, 0, 0, 0, 0, 0, 0, 0, 0, 0, 0, 0, 0, 0, 0, 0, 0, 120, 120, 120, 120, 121, 122, 122, 122, 122, 123, 123, 123, 124, 124, 125, 125, 126, 127, 127, 128, 128, 128, 129, 129, 129, 129, 130, 130, 130, 131, 131, 131, 132, 132, 132, 133, 133, 133, 134, 134, 135, 135, 135, 136, 136, 136, 136, 137, 137, 138, 138, 138, 139, 139, 139, 139, 140, 140, 141, 141, 141, 141, 142, 142, 143, 143, 143, 144, 144, 144, 144, 144, 145, 145, 146, 146, 147, 147, 147, 148, 148, 148, 149, 149, 149, 150, 150, 150, 151, 151, 151, 151, 152, 152, 152, 152, 153, 153, 154, 154, 154, 155, 155, 155, 156, 156, 157, 157, 157, 157, 158, 158, 159, 159, 159, 160, 160, 160, 160, 160, 161, 161, 162, 162, 162, 163, 163, 163, 164, 164, 164, 165, 165, 165, 166, 166, 167, 167, 167, 167, 167, 168, 168, 168, 169, 169, 170, 170, 170, 170, 171, 171, 172, 172, 172, 172, 173, 173, 173, 174, 174, 174, 175, 175, 175, 176, 176, 176, 177, 177, 177, 178, 178, 178, 179, 179, 179, 180, 180, 180, 181, 181, 181, 181, 182, 182, 183, 183, 183, 184, 184, 184, 185, 185, 185, 186, 186, 186, 186, 187, 187, 187, 188, 188, 188, 189, 189, 189, 190, 190, 191, 191, 191, 191, 192, 192, 192, 193, 193, 193, 194, 194, 194, 195, 195, 195, 196, 196, 196, 197, 197, 197, 198, 198, 198, 199, 199, 199, 200, 200, 200, 200, 201, 201, 202, 202, 202, 202, 203, 203, 204, 204, 205, 205, 205, 206, 207, 207, 207, 208, 208, 0, 0, 0, 194, 0, 0, 0, 0, 0, 0, 0]
[211.2, 0, 0, 237, 237, 0, 0, 0, 0, 0, 0, 0, 0, 0, 0, 0, 0, 232, 232, 232, 232, 232, 0, 0, 0, 0, 0, 0, 0, 0, 0, 0, 0, 0, 0, 0, 0, 0, 0, 0, 0, 0, 0, 0, 0, 0, 0, 0, 0, 0, 0, 0, 0, 0, 0, 120, 120, 120, 120, 120, 122, 123, 123, 123, 124, 124, 125, 125, 126, 127, 127, 127, 127, 128, 128, 128, 128, 129, 130, 130, 130, 131, 131, 131, 132, 132, 132, 132, 133, 134, 134, 135, 135, 135, 135, 136, 136, 136, 136, 137, 138, 138, 138, 138, 139, 139, 139, 140, 140, 141, 141, 141, 141, 142, 142, 143, 143, 143, 143, 144, 144, 145, 145, 145, 146, 146, 146, 147, 147, 147, 148, 148, 148, 149, 149, 149, 149, 150, 150, 151, 151, 151, 151, 152, 152, 153, 153, 153, 154, 154, 154, 155, 155, 155, 156, 156, 156, 157, 157, 157, 157, 158, 158, 159, 159, 159, 159, 160, 160, 161, 161, 161, 162, 162, 162, 163, 163, 163, 163, 164, 164, 164, 165, 165, 165, 166, 166, 167, 167, 167, 167, 168, 168, 168, 169, 169, 169, 170, 170, 170, 171, 171, 171, 172, 172, 172, 173, 173, 173, 174, 174, 174, 175, 175, 175, 176, 176, 176, 177, 177, 177, 178, 178, 178, 178, 179, 179, 180, 180, 180, 181, 181, 181, 182, 182, 182, 183, 183, 183, 184, 184, 184, 184, 185, 185, 185, 186, 186, 186, 187, 187, 187, 188, 188, 188, 189, 189, 190, 190, 190, 190, 191, 191, 191, 191, 192, 192, 193, 193, 193, 193, 194, 194, 195, 195, 195, 195, 196, 196, 196, 197, 197, 197, 198, 198, 199, 199, 199, 199, 200, 200, 200, 201, 201, 201, 202, 202, 203, 203, 204, 204, 204, 205, 205, 205, 206, 207, 207, 208, 208, 0, 0, 0, 0, 0, 200, 0, 208, 208, 215, 0]
[216.0, 232, 232, 232, 232, 232, 232, 232, 232, 0, 232, 232, 232, 232, 232, 232, 232, 232, 232, 0, 0, 0, 0, 0, 0, 0, 0, 0, 0, 0, 0, 0, 0, 0, 0, 0, 0, 0, 0, 0, 0, 0, 0, 0, 0, 0, 0, 0, 0, 0, 0, 0, 0, 0, 120, 120, 120, 120, 120, 122, 122, 123, 123, 123, 123, 125, 125, 125, 125, 126, 127, 127, 127, 127, 127, 128, 128, 129, 130, 130, 130, 130, 131, 131, 131, 132, 132, 132, 133, 133, 133, 134, 134, 135, 135, 135, 136, 136, 136, 136, 137, 137, 138, 138, 138, 138, 139, 139, 140, 140, 140, 141, 141, 141, 142, 142, 143, 143, 143, 143, 144, 144, 144, 145, 145, 145, 146, 146, 146, 147, 147, 148, 148, 148, 148, 149, 149, 150, 150, 150, 151, 151, 151, 151, 151, 152, 152, 153, 153, 153, 154, 154, 154, 155, 155, 155, 156, 156, 156, 157, 157, 158, 158, 158, 159, 159, 159, 159, 159, 160, 160, 161, 161, 161, 162, 162, 162, 163, 163, 163, 164, 164, 164, 165, 165, 165, 166, 166, 166, 167, 167, 167, 167, 168, 168, 168, 169, 169, 169, 170, 170, 171, 171, 171, 171, 172, 172, 172, 172, 173, 173, 174, 174, 174, 175, 175, 175, 176, 176, 176, 177, 177, 177, 178, 178, 178, 179, 179, 179, 180, 180, 180, 180, 181, 181, 182, 182, 182, 183, 183, 183, 184, 184, 184, 184, 185, 185, 186, 186, 186, 186, 187, 187, 187, 188, 188, 188, 189, 189, 189, 190, 190, 191, 191, 191, 192, 192, 192, 192, 192, 193, 193, 194, 194, 194, 194, 195, 195, 195, 196, 196, 197, 197, 197, 198, 198, 198, 199, 199, 199, 199, 200, 200, 200, 201, 201, 201, 202, 203, 203, 203, 204, 204, 204, 205, 205, 206, 207, 207, 207, 0, 0, 0, 0, 0, 0, 0, 208, 215, 215, 0]
[220.79999999999998, 0, 0, 0, 232, 0, 0, 0, 0, 0, 0, 0, 0, 0, 0, 0, 0, 0, 232, 232, 232, 232, 0, 0, 0, 0, 0, 0, 0, 0, 0, 0, 0, 0, 0, 0, 0, 0, 0, 0, 0, 0, 0, 0, 0, 0, 0, 0, 0, 0, 0, 0, 0, 0, 0, 0, 0, 120, 120, 120, 121, 122, 123, 123, 123, 124, 124, 124, 124, 125, 127, 127, 127, 127, 128, 128, 128, 129, 129, 130, 130, 130, 130, 131, 131, 132, 132, 132, 133, 133, 133, 134, 134, 134, 134, 135, 135, 136, 136, 136, 137, 137, 137, 138, 138, 139, 139, 139, 139, 140, 140, 141, 141, 141, 142, 142, 142, 143, 143, 143, 143, 144, 144, 144, 145, 145, 146, 146, 146, 147, 147, 147, 148, 148, 148, 149, 149, 149, 150, 150, 150, 151, 151, 151, 151, 152, 152, 153, 153, 153, 154, 154, 154, 155, 155, 155, 156, 156, 156, 157, 157, 158, 158, 158, 158, 159, 159, 159, 159, 160, 160, 161, 161, 161, 162, 162, 162, 163, 163, 163, 164, 164, 164, 164, 165, 165, 165, 166, 166, 167, 167, 167, 167, 168, 168, 169, 169, 169, 169, 170, 170, 171, 171, 171, 171, 172, 172, 173, 173, 173, 173, 174, 174, 175, 175, 175, 175, 176, 176, 176, 177, 177, 177, 178, 178, 178, 179, 179, 179, 180, 180, 180, 180, 181, 181, 182, 182, 182, 183, 183, 183, 184, 184, 184, 185, 185, 185, 186, 186, 186, 187, 187, 187, 188, 188, 188, 189, 189, 189, 189, 190, 190, 191, 191, 191, 192, 192, 192, 192, 192, 193, 193, 194, 194, 194, 195, 195, 195, 196, 196, 196, 197, 197, 197, 198, 198, 199, 199, 199, 199, 200, 200, 200, 200, 201, 201, 202, 203, 203, 203, 204, 204, 204, 205, 205, 205, 206, 207, 207, 207, 0, 0, 0, 0, 0, 200, 0, 0, 0, 0, 0]
[225.6, 0, 0, 232, 232, 232, 232, 232, 232, 232, 232, 232, 232, 232, 232, 232, 0, 0, 0, 0, 0, 0, 0, 0, 0, 0, 0, 0, 0, 0, 0, 0, 0, 0, 0, 0, 0, 0, 0, 0, 0, 0, 0, 0, 0, 0, 0, 0, 0, 0, 0, 0, 0, 0, 0, 0, 0, 120, 120, 120, 121, 122, 122, 123, 123, 123, 124, 124, 124, 125, 126, 127, 127, 127, 127, 127, 128, 128, 129, 129, 130, 130, 130, 131, 131, 132, 132, 132, 132, 133, 133, 134, 134, 134, 134, 135, 135, 135, 136, 136, 136, 137, 137, 138, 138, 138, 139, 139, 139, 140, 140, 140, 140, 141, 141, 142, 142, 142, 143, 143, 143, 144, 144, 144, 145, 145, 145, 146, 146, 146, 147, 147, 147, 148, 148, 148, 149, 149, 149, 150, 150, 151, 151, 151, 151, 152, 152, 152, 153, 153, 153, 154, 154, 154, 155, 155, 155, 156, 156, 156, 157, 157, 157, 158, 158, 159, 159, 159, 159, 160, 160, 160, 161, 161, 161, 162, 162, 162, 163, 163, 163, 164, 164, 164, 165, 165, 165, 166, 166, 166, 167, 167, 167, 168, 168, 168, 169, 169, 169, 170, 170, 170, 171, 171, 171, 172, 172, 172, 173, 173, 173, 174, 174, 174, 175, 175, 175, 176, 176, 176, 177, 177, 177, 177, 178, 178, 179, 179, 179, 180, 180, 180, 180, 181, 181, 181, 182, 182, 182, 183, 183, 184, 184, 184, 184, 184, 185, 185, 185, 186, 186, 187, 187, 187, 188, 188, 188, 189, 189, 189, 190, 190, 190, 191, 191, 191, 192, 192, 192, 192, 193, 193, 193, 194, 194, 194, 195, 195, 195, 196, 196, 197, 197, 197, 197, 198, 198, 199, 199, 199, 199, 200, 200, 200, 201, 201, 201, 202, 203, 203, 203, 204, 204, 204, 205, 205, 206, 206, 207, 207, 0, 0, 0, 0, 0, 200, 0, 207, 0, 0, 0]
[230.39999999999998, 0, 0, 0, 232, 232, 232, 232, 231, 232, 232, 232, 232, 0, 0, 0, 0, 0, 238, 237, 237, 0, 0, 0, 0, 0, 0, 0, 0, 0, 0, 0, 0, 0, 0, 0, 0, 0, 0, 0, 0, 0, 0, 0, 0, 0, 0, 0, 0, 0, 0, 0, 0, 0, 0, 0, 0, 0, 0, 0, 0, 0, 120, 120, 120, 123, 123, 123, 123, 124, 124, 124, 124, 125, 125, 126, 126, 127, 127, 128, 128, 128, 129, 129, 130, 130, 130, 131, 131, 131, 132, 132, 133, 133, 133, 133, 134, 134, 135, 135, 135, 135, 136, 136, 136, 137, 137, 138, 138, 138, 139, 139, 139, 140, 140, 140, 141, 141, 141, 142, 142, 143, 143, 143, 144, 144, 144, 144, 144, 145, 145, 146, 146, 147, 147, 147, 147, 148, 148, 148, 149, 149, 149, 150, 150, 151, 151, 151, 152, 152, 152, 152, 153, 153, 154, 154, 154, 155, 155, 155, 156, 156, 156, 157, 157, 157, 158, 158, 158, 159, 159, 159, 160, 160, 160, 161, 161, 161, 161, 162, 162, 162, 163, 163, 163, 164, 164, 165, 165, 165, 165, 166, 166, 167, 167, 167, 168, 168, 168, 168, 169, 169, 170, 170, 170, 170, 171, 171, 171, 172, 172, 172, 173, 173, 173, 174, 174, 175, 175, 175, 176, 176, 176, 176, 176, 177, 177, 178, 178, 178, 179, 179, 179, 180, 180, 180, 181, 181, 181, 182, 182, 182, 183, 183, 183, 183, 184, 184, 184, 185, 185, 186, 186, 186, 186, 187, 187, 188, 188, 188, 188, 189, 189, 190, 190, 191, 191, 191, 191, 191, 192, 192, 192, 193, 193, 193, 194, 194, 194, 195, 195, 195, 196, 196, 196, 197, 197, 197, 198, 198, 198, 199, 199, 199, 200, 200, 200, 201, 202, 202, 203, 203, 203, 203, 204, 205, 205, 206, 206, 206, 0, 0, 0, 0, 0, 0, 0, 0, 210, 215, 0]
[235.2, 0, 0, 232, 232, 232, 232, 0, 0, 0, 235, 232, 232, 232, 0, 0, 0, 234, 235, 234, 235, 235, 235, 0, 0, 235, 234, 235, 235, 0, 0, 0, 0, 0, 0, 0, 0, 0, 0, 0, 0, 0, 0, 0, 0, 0, 0, 0, 0, 0, 0, 0, 0, 0, 0, 0, 0, 0, 0, 0, 0, 120, 120, 120, 120, 122, 123, 123, 123, 123, 124, 124, 124, 125, 125, 125, 127, 127, 127, 127, 128, 128, 129, 129, 129, 130, 130, 130, 131, 131, 132, 132, 132, 133, 133, 133, 133, 134, 134, 135, 135, 135, 136, 136, 136, 137, 137, 138, 138, 138, 138, 139, 139, 140, 140, 140, 141, 141, 141, 141, 142, 143, 143, 143, 143, 144, 144, 144, 144, 145, 145, 146, 146, 146, 147, 147, 147, 148, 148, 148, 149, 149, 149, 150, 150, 151, 151, 151, 151, 152, 152, 152, 152, 153, 153, 154, 154, 154, 155, 155, 155, 156, 156, 157, 157, 157, 157, 158, 158, 159, 159, 159, 159, 160, 160, 160, 160, 161, 161, 162, 162, 162, 163, 163, 163, 164, 164, 164, 165, 165, 165, 166, 166, 166, 167, 167, 167, 168, 168, 168, 168, 169, 169, 170, 170, 170, 170, 171, 171, 172, 172, 172, 173, 173, 173, 174, 174, 175, 175, 175, 175, 176, 176, 176, 176, 177, 177, 178, 178, 178, 179, 179, 179, 179, 180, 180, 181, 181, 181, 181, 182, 182, 182, 183, 183, 183, 184, 184, 184, 185, 185, 185, 186, 186, 186, 187, 187, 187, 188, 188, 188, 189, 189, 189, 190, 190, 190, 191, 191, 191, 191, 192, 192, 193, 193, 193, 193, 194, 194, 195, 195, 195, 195, 196, 196, 197, 197, 197, 197, 198, 198, 199, 199, 199, 200, 200, 200, 201, 201, 202, 202, 203, 203, 203, 203, 204, 205, 205, 205, 206, 0, 0, 190, 0, 0, 200, 0, 0, 0, 215, 0]
[240.0, 0, 232, 232, 232, 232, 232, 232, 232, 232, 232, 232, 237, 232, 232, 232, 232, 232, 232, 0, 0, 0, 0, 0, 0, 0, 0, 0, 0, 0, 0, 0, 0, 0, 0, 0, 0, 0, 0, 0, 0, 0, 0, 0, 0, 0, 0, 0, 0, 0, 0, 0, 0, 0, 0, 0, 0, 0, 0, 0, 0, 0, 0, 0, 0, 0, 0, 120, 120, 121, 122, 122, 122, 124, 124, 124, 124, 125, 126, 126, 126, 127, 127, 128, 128, 128, 129, 129, 129, 130, 130, 130, 131, 131, 132, 132, 132, 133, 133, 133, 134, 134, 135, 135, 135, 136, 136, 136, 136, 137, 137, 138, 138, 138, 139, 139, 139, 140, 140, 140, 140, 141, 141, 141, 142, 142, 143, 143, 143, 144, 144, 144, 144, 145, 145, 146, 146, 146, 147, 147, 147, 148, 148, 148, 149, 149, 149, 150, 150, 150, 151, 151, 151, 152, 152, 152, 153, 153, 153, 154, 154, 155, 155, 155, 156, 156, 156, 156, 157, 157, 157, 158, 158, 158, 159, 159, 159, 160, 160, 160, 161, 161, 161, 162, 162, 162, 163, 163, 163, 164, 164, 164, 165, 165, 165, 166, 166, 166, 167, 167, 167, 168, 168, 168, 169, 169, 169, 170, 170, 170, 171, 171, 171, 172, 172, 172, 173, 173, 173, 174, 174, 174, 174, 175, 175, 176, 176, 176, 177, 177, 177, 177, 178, 178, 178, 179, 179, 179, 180, 180, 180, 181, 181, 181, 182, 182, 182, 183, 183, 183, 184, 184, 184, 184, 185, 185, 186, 186, 186, 186, 187, 187, 188, 188, 188, 189, 189, 189, 190, 190, 190, 191, 191, 191, 192, 192, 192, 192, 193, 193, 193, 194, 194, 194, 195, 195, 195, 196, 196, 196, 197, 197, 198, 198, 198, 199, 199, 200, 200, 201, 201, 201, 202, 202, 202, 203, 203, 204, 204, 0, 0, 0, 0, 192, 0, 0, 0, 0, 0, 0, 0]
[244.79999999999998, 0, 0, 237, 238, 238, 0, 232, 232, 232, 232, 232, 232, 0, 0, 0, 0, 0, 0, 0, 0, 0, 0, 232, 232, 0, 0, 0, 0, 0, 0, 0, 0, 0, 0, 0, 0, 0, 0, 0, 0, 0, 0, 0, 0, 0, 0, 0, 0, 0, 0, 0, 0, 0, 0, 0, 0, 0, 0, 0, 0, 0, 0, 0, 0, 0, 0, 121, 122, 122, 122, 122, 122, 123, 123, 124, 125, 125, 126, 126, 126, 127, 127, 128, 128, 128, 129, 129, 129, 130, 130, 131, 131, 131, 132, 132, 132, 133, 133, 133, 134, 134, 135, 135, 135, 136, 136, 136, 136, 137, 137, 138, 138, 138, 139, 139, 139, 140, 140, 140, 141, 141, 141, 142, 142, 143, 143, 143, 143, 144, 144, 144, 145, 145, 145, 146, 146, 146, 147, 147, 147, 148, 148, 148, 149, 149, 149, 150, 150, 151, 151, 151, 151, 152, 152, 152, 153, 153, 153, 154, 154, 155, 155, 155, 156, 156, 156, 157, 157, 157, 157, 158, 158, 159, 159, 159, 159, 160, 160, 160, 161, 161, 161, 162, 162, 162, 163, 163, 163, 164, 164, 164, 165, 165, 165, 166, 166, 166, 167, 167, 167, 168, 168, 168, 169, 169, 169, 170, 170, 170, 171, 171, 171, 172, 172, 172, 173, 173, 173, 174, 174, 174, 175, 175, 175, 176, 176, 176, 177, 177, 177, 178, 178, 178, 178, 179, 179, 179, 180, 180, 180, 181, 181, 181, 182, 182, 182, 183, 183, 183, 184, 184, 184, 184, 185, 185, 186, 186, 186, 187, 187, 187, 188, 188, 188, 189, 189, 189, 190, 190, 190, 191, 191, 191, 192, 192, 192, 192, 193, 193, 193, 194, 194, 194, 195, 195, 196, 196, 196, 197, 197, 197, 198, 198, 199, 199, 199, 200, 200, 201, 201, 201, 202, 202, 202, 203, 203, 204, 204, 0, 0, 0, 0, 192, 0, 0, 0, 0, 0, 0, 0]
[249.6, 0, 232, 232, 232, 232, 235, 235, 235, 232, 232, 232, 232, 0, 0, 0, 0, 231, 231, 231, 231, 231, 0, 0, 0, 0, 0, 0, 0, 0, 0, 0, 0, 0, 0, 0, 0, 0, 0, 0, 0, 0, 0, 0, 0, 0, 0, 0, 0, 0, 0, 0, 0, 0, 0, 0, 0, 0, 0, 0, 0, 0, 0, 0, 0, 120, 120, 120, 120, 121, 122, 122, 123, 124, 124, 124, 125, 125, 126, 126, 127, 127, 127, 128, 128, 128, 129, 129, 129, 130, 130, 131, 131, 131, 132, 132, 132, 133, 133, 133, 134, 134, 135, 135, 135, 136, 136, 136, 136, 137, 137, 138, 138, 138, 139, 139, 139, 140, 140, 140, 140, 141, 141, 141, 142, 142, 143, 143, 143, 144, 144, 144, 144, 145, 145, 146, 146, 146, 147, 147, 147, 148, 148, 148, 149, 149, 149, 150, 150, 150, 151, 151, 151, 152, 152, 152, 153, 153, 153, 154, 154, 155, 155, 155, 156, 156, 156, 156, 157, 157, 157, 158, 158, 158, 159, 159, 159, 160, 160, 160, 161, 161, 161, 162, 162, 162, 163, 163, 163, 164, 164, 164, 165, 165, 165, 165, 166, 166, 167, 167, 167, 168, 168, 168, 169, 169, 169, 169, 170, 170, 171, 171, 171, 172, 172, 172, 173, 173, 173, 174, 174, 174, 174, 175, 175, 176, 176, 176, 177, 177, 177, 177, 178, 178, 178, 179, 179, 179, 180, 180, 180, 181, 181, 181, 182, 182, 182, 183, 183, 183, 183, 184, 184, 184, 185, 185, 185, 186, 186, 186, 187, 187, 188, 188, 188, 189, 189, 189, 189, 190, 190, 191, 191, 191, 191, 192, 192, 192, 193, 193, 193, 194, 194, 194, 195, 195, 195, 196, 196, 196, 197, 197, 198, 198, 198, 199, 199, 200, 200, 201, 201, 201, 202, 202, 202, 203, 203, 203, 204, 0, 0, 0, 0, 192, 0, 0, 0, 0, 0, 0, 0]
[254.39999999999998, 0, 0, 231, 231, 231, 231, 231, 231, 234, 234, 234, 234, 234, 0, 0, 0, 0, 0, 0, 0, 0, 0, 0, 0, 232, 0, 0, 0, 0, 0, 0, 0, 0, 0, 0, 0, 0, 0, 0, 0, 0, 0, 0, 0, 0, 0, 0, 0, 0, 0, 0, 0, 0, 0, 0, 0, 0, 0, 0, 0, 0, 0, 0, 0, 0, 0, 0, 0, 0, 0, 0, 0, 120, 121, 121, 122, 122, 123, 123, 123, 124, 125, 125, 125, 126, 127, 127, 127, 127, 128, 128, 128, 129, 129, 130, 130, 130, 131, 131, 131, 132, 132, 132, 133, 133, 133, 133, 135, 135, 135, 135, 136, 136, 136, 136, 137, 137, 138, 138, 138, 139, 139, 140, 140, 140, 140, 141, 141, 141, 142, 142, 143, 143, 143, 143, 144, 144, 144, 145, 145, 145, 146, 146, 146, 147, 147, 147, 148, 148, 149, 149, 149, 150, 150, 150, 151, 151, 151, 152, 152, 152, 152, 153, 153, 154, 154, 154, 154, 155, 155, 155, 156, 156, 156, 157, 157, 158, 158, 158, 159, 159, 159, 159, 160, 160, 160, 161, 161, 162, 162, 162, 162, 163, 163, 163, 164, 164, 164, 165, 165, 166, 166, 166, 166, 167, 167, 167, 167, 168, 168, 169, 169, 169, 170, 170, 170, 171, 171, 171, 172, 172, 172, 173, 173, 173, 173, 174, 174, 175, 175, 175, 175, 176, 176, 176, 177, 177, 177, 178, 178, 178, 179, 179, 179, 180, 180, 180, 181, 181, 181, 182, 182, 182, 183, 183, 183, 184, 184, 184, 184, 185, 185, 186, 186, 186, 187, 187, 187, 187, 188, 188, 188, 189, 189, 190, 190, 190, 191, 191, 191, 192, 192, 192, 192, 193, 193, 193, 193, 194, 194, 195, 195, 196, 196, 196, 197, 198, 198, 199, 199, 199, 199, 200, 200, 201, 201, 201, 201, 201, 0, 0, 0, 0, 0, 201, 201, 0, 0, 215, 215]
[259.2, 0, 0, 0, 232, 232, 232, 232, 232, 232, 232, 232, 0, 0, 0, 0, 0, 0, 0, 0, 0, 0, 0, 0, 0, 0, 0, 0, 0, 0, 0, 0, 0, 232, 0, 0, 0, 0, 0, 0, 0, 0, 0, 0, 0, 0, 0, 0, 0, 0, 0, 0, 0, 0, 0, 0, 0, 0, 0, 0, 0, 0, 0, 0, 0, 0, 0, 0, 0, 0, 0, 0, 0, 121, 121, 121, 121, 122, 122, 123, 123, 124, 124, 124, 125, 125, 126, 126, 126, 127, 127, 128, 128, 128, 129, 130, 130, 130, 130, 131, 131, 131, 132, 132, 132, 133, 133, 133, 134, 135, 135, 135, 135, 136, 136, 136, 137, 137, 137, 138, 138, 138, 139, 139, 139, 140, 140, 140, 141, 141, 141, 142, 142, 143, 143, 143, 143, 144, 144, 144, 145, 145, 145, 146, 146, 147, 147, 147, 147, 148, 148, 148, 149, 149, 149, 150, 150, 151, 151, 151, 151, 152, 152, 153, 153, 153, 153, 154, 154, 154, 155, 155, 155, 156, 156, 156, 157, 157, 157, 158, 158, 159, 159, 159, 159, 160, 160, 160, 161, 161, 161, 162, 162, 162, 163, 163, 163, 164, 164, 164, 165, 165, 165, 166, 166, 166, 167, 167, 167, 168, 168, 168, 168, 169, 169, 170, 170, 170, 171, 171, 171, 172, 172, 172, 173, 173, 173, 174, 174, 174, 175, 175, 175, 175, 176, 176, 176, 176, 177, 177, 177, 178, 178, 179, 179, 179, 180, 180, 180, 181, 181, 181, 182, 182, 182, 183, 183, 184, 184, 184, 184, 184, 185, 185, 185, 186, 186, 186, 187, 187, 187, 188, 188, 189, 189, 189, 189, 190, 190, 190, 191, 191, 191, 192, 192, 192, 193, 193, 193, 194, 194, 194, 195, 195, 195, 196, 196, 197, 198, 198, 199, 199, 199, 199, 200, 200, 200, 200, 201, 201, 0, 0, 0, 0, 200, 200, 200, 0, 213, 213, 214]
[264.0, 232, 232, 232, 232, 232, 232, 224, 224, 227, 227, 232, 224, 224, 232, 227, 227, 232, 232, 232, 232, 232, 221, 221, 221, 227, 227, 224, 224, 224, 224, 227, 227, 223, 223, 223, 222, 223, 223, 224, 224, 221, 222, 223, 232, 232, 232, 232, 232, 216, 216, 216, 216, 216, 216, 216, 216, 224, 224, 224, 232, 232, 232, 232, 232, 232, 232, 232, 216, 216, 232, 232, 232, 216, 216, 216, 216, 216, 122, 123, 123, 136, 124, 124, 143, 140, 140, 137, 137, 127, 127, 128, 128, 128, 129, 130, 130, 130, 130, 130, 131, 131, 132, 132, 132, 146, 133, 133, 134, 135, 135, 135, 135, 149, 136, 136, 137, 137, 151, 151, 138, 138, 139, 139, 139, 140, 140, 141, 141, 141, 141, 142, 142, 143, 143, 143, 143, 143, 143, 143, 152, 152, 152, 152, 152, 152, 152, 153, 153, 153, 153, 154, 154, 154, 155, 155, 155, 156, 156, 157, 157, 157, 157, 158, 158, 159, 159, 159, 159, 160, 160, 160, 161, 161, 161, 162, 162, 162, 163, 163, 163, 164, 164, 164, 165, 165, 165, 166, 166, 166, 167, 167, 167, 168, 168, 168, 168, 169, 169, 170, 170, 170, 171, 171, 171, 172, 172, 172, 173, 173, 173, 174, 174, 174, 175, 175, 175, 175, 176, 176, 176, 176, 177, 177, 177, 178, 178, 179, 179, 179, 179, 180, 180, 181, 181, 181, 182, 182, 182, 183, 183, 183, 184, 184, 184, 184, 185, 185, 185, 186, 186, 186, 187, 187, 187, 188, 188, 189, 189, 189, 190, 190, 190, 190, 191, 191, 191, 192, 192, 192, 193, 193, 193, 194, 194, 194, 195, 195, 196, 196, 196, 197, 198, 198, 199, 199, 199, 199, 200, 200, 200, 200, 201, 201, 201, 187, 187, 192, 200, 200, 200, 201, 208, 214, 214, 232, 232, 232, 232, 232, 232, 232, 232, 237, 238, 0, 237, 238, 231, 237, 237]
[268.8, 0, 0, 232, 232, 0, 0, 0, 232, 232, 232, 0, 0, 0, 0, 0, 0, 0, 0, 0, 0, 0, 0, 0, 0, 0, 0, 0, 0, 0, 0, 0, 0, 0, 0, 0, 0, 0, 0, 0, 0, 0, 0, 0, 0, 0, 0, 0, 0, 0, 0, 0, 0, 0, 0, 0, 0, 0, 0, 0, 0, 0, 0, 0, 0, 0, 0, 0, 0, 0, 0, 0, 0, 120, 120, 121, 122, 123, 123, 123, 124, 125, 125, 125, 125, 126, 127, 127, 127, 128, 128, 128, 128, 129, 129, 130, 130, 130, 131, 131, 131, 132, 132, 132, 133, 133, 133, 133, 134, 135, 135, 135, 136, 136, 136, 137, 137, 138, 138, 138, 138, 139, 139, 140, 140, 140, 140, 141, 141, 142, 142, 142, 143, 143, 143, 144, 144, 144, 145, 145, 145, 146, 146, 146, 146, 147, 147, 148, 148, 148, 149, 149, 149, 150, 150, 151, 151, 151, 151, 152, 152, 152, 153, 153, 153, 154, 154, 154, 154, 155, 155, 156, 156, 156, 156, 157, 157, 158, 158, 158, 159, 159, 159, 160, 160, 160, 160, 161, 161, 162, 162, 162, 162, 163, 163, 163, 164, 164, 164, 165, 165, 166, 166, 166, 167, 167, 167, 167, 168, 168, 168, 169, 169, 169, 170, 170, 170, 171, 171, 171, 172, 172, 172, 173, 173, 173, 173, 174, 174, 175, 175, 175, 175, 176, 176, 176, 177, 177, 177, 178, 178, 178, 179, 179, 179, 180, 180, 180, 181, 181, 181, 182, 182, 182, 183, 183, 183, 184, 184, 184, 185, 185, 185, 186, 186, 187, 187, 187, 187, 188, 188, 188, 188, 189, 189, 190, 190, 190, 191, 191, 191, 192, 192, 192, 192, 193, 193, 193, 194, 194, 194, 195, 195, 196, 196, 196, 197, 197, 198, 199, 199, 199, 200, 200, 200, 201, 201, 201, 201, 201, 0, 0, 0, 0, 0, 0, 201, 0, 0, 215, 215]
[273.59999999999997, 0, 0, 0, 238, 238, 237, 237, 237, 232, 232, 232, 232, 0, 0, 0, 0, 0, 0, 0, 0, 0, 0, 0, 0, 0, 0, 0, 232, 0, 0, 0, 0, 0, 0, 0, 0, 0, 0, 0, 0, 0, 0, 0, 0, 0, 0, 0, 0, 0, 0, 0, 0, 0, 0, 0, 0, 0, 0, 0, 0, 0, 0, 0, 0, 0, 0, 0, 0, 0, 0, 0, 0, 120, 120, 120, 120, 121, 122, 122, 123, 124, 124, 124, 124, 125, 125, 127, 127, 127, 127, 127, 128, 128, 128, 129, 129, 130, 130, 130, 131, 131, 132, 132, 132, 132, 133, 133, 133, 134, 135, 135, 135, 135, 136, 136, 136, 137, 137, 138, 138, 138, 138, 139, 139, 140, 140, 140, 140, 141, 141, 141, 142, 142, 143, 143, 143, 144, 144, 144, 144, 145, 145, 146, 146, 146, 147, 147, 147, 148, 148, 148, 149, 149, 149, 150, 150, 150, 151, 151, 151, 152, 152, 152, 153, 153, 153, 154, 154, 154, 155, 155, 155, 155, 156, 156, 157, 157, 157, 158, 158, 158, 159, 159, 159, 160, 160, 160, 161, 161, 161, 162, 162, 162, 162, 163, 163, 164, 164, 164, 165, 165, 165, 166, 166, 166, 167, 167, 167, 167, 168, 168, 168, 169, 169, 169, 170, 170, 170, 171, 171, 171, 172, 172, 172, 173, 173, 173, 174, 174, 174, 175, 175, 175, 175, 176, 176, 176, 177, 177, 177, 178, 178, 179, 179, 179, 179, 180, 180, 180, 181, 181, 181, 182, 182, 182, 183, 183, 183, 184, 184, 184, 185, 185, 185, 186, 186, 186, 186, 187, 187, 188, 188, 189, 189, 189, 189, 190, 190, 190, 190, 191, 191, 191, 192, 192, 192, 193, 193, 194, 194, 194, 195, 195, 195, 196, 196, 197, 197, 198, 199, 199, 199, 199, 200, 200, 200, 200, 200, 201, 0, 0, 0, 0, 0, 0, 0, 207, 0, 0, 215]
[278.4, 0, 0, 232, 232, 232, 232, 232, 232, 232, 232, 232, 232, 232, 0, 0, 0, 0, 0, 0, 0, 0, 0, 0, 0, 0, 0, 0, 0, 0, 0, 0, 0, 0, 0, 0, 0, 0, 0, 0, 0, 0, 0, 0, 0, 0, 0, 0, 0, 0, 0, 0, 0, 0, 0, 0, 0, 0, 0, 0, 0, 0, 0, 0, 0, 0, 0, 0, 0, 0, 0, 0, 0, 120, 120, 120, 120, 122, 122, 123, 123, 124, 124, 124, 125, 125, 125, 126, 126, 127, 127, 128, 128, 128, 128, 129, 129, 130, 130, 130, 131, 131, 132, 132, 132, 133, 133, 133, 133, 134, 135, 135, 135, 135, 136, 136, 136, 136, 137, 138, 138, 138, 139, 139, 139, 139, 140, 140, 140, 141, 141, 141, 142, 142, 143, 143, 143, 144, 144, 144, 144, 145, 145, 146, 146, 147, 147, 147, 147, 148, 148, 148, 148, 149, 149, 150, 150, 150, 151, 151, 151, 152, 152, 152, 153, 153, 153, 154, 154, 154, 154, 155, 155, 156, 156, 156, 157, 157, 157, 158, 158, 158, 159, 159, 159, 160, 160, 160, 161, 161, 161, 162, 162, 162, 162, 163, 163, 164, 164, 164, 165, 165, 165, 166, 166, 166, 166, 167, 167, 167, 168, 168, 168, 168, 169, 169, 170, 170, 170, 171, 171, 171, 171, 172, 172, 173, 173, 173, 174, 174, 174, 175, 175, 175, 175, 176, 176, 176, 177, 177, 177, 178, 178, 178, 179, 179, 179, 180, 180, 180, 181, 181, 181, 182, 182, 182, 183, 183, 183, 184, 184, 184, 185, 185, 185, 186, 186, 186, 186, 187, 187, 188, 188, 188, 189, 189, 189, 189, 190, 190, 190, 191, 191, 192, 192, 192, 192, 193, 193, 194, 194, 194, 195, 195, 195, 196, 196, 197, 197, 198, 199, 199, 199, 199, 200, 200, 200, 200, 200, 0, 0, 0, 189, 0, 0, 200, 200, 0, 0, 0, 0]
[283.2, 0, 0, 0, 0, 0, 0, 0, 0, 0, 0, 0, 0, 0, 0, 0, 0, 0, 0, 0, 0, 0, 0, 0, 0, 0, 0, 0, 0, 0, 0, 0, 0, 232, 0, 0, 0, 0, 0, 0, 232, 0, 0, 0, 0, 0, 0, 0, 0, 0, 0, 0, 0, 0, 0, 0, 0, 0, 0, 0, 0, 0, 0, 0, 0, 0, 0, 0, 0, 0, 0, 0, 0, 0, 0, 120, 120, 121, 122, 123, 123, 123, 123, 124, 124, 125, 125, 126, 127, 127, 127, 127, 128, 128, 128, 129, 129, 130, 130, 130, 131, 131, 131, 132, 132, 133, 133, 133, 133, 134, 134, 135, 135, 135, 136, 136, 136, 136, 137, 138, 138, 138, 139, 139, 139, 139, 140, 140, 140, 141, 141, 141, 142, 142, 143, 143, 143, 144, 144, 144, 144, 145, 145, 146, 146, 146, 146, 147, 147, 148, 148, 148, 149, 149, 149, 150, 150, 150, 151, 151, 151, 152, 152, 152, 153, 153, 153, 154, 154, 154, 154, 155, 155, 155, 156, 156, 156, 157, 157, 158, 158, 158, 159, 159, 159, 160, 160, 160, 160, 161, 161, 162, 162, 162, 162, 163, 163, 163, 164, 164, 164, 165, 165, 165, 166, 166, 166, 167, 167, 167, 168, 168, 168, 168, 169, 169, 170, 170, 170, 171, 171, 171, 171, 172, 172, 173, 173, 173, 174, 174, 174, 175, 175, 175, 175, 176, 176, 176, 177, 177, 177, 178, 178, 178, 179, 179, 179, 180, 180, 180, 181, 181, 181, 182, 182, 182, 182, 183, 183, 183, 184, 184, 184, 185, 185, 186, 186, 186, 186, 187, 187, 187, 188, 188, 189, 189, 189, 189, 190, 190, 190, 191, 191, 191, 192, 192, 192, 193, 193, 193, 194, 194, 195, 195, 195, 196, 196, 197, 197, 198, 198, 199, 199, 199, 199, 200, 200, 200, 200, 0, 0, 0, 189, 191, 0, 0, 0, 0, 0, 0, 215]
[288.0, 0, 0, 234, 234, 234, 234, 234, 234, 0, 0, 0, 0, 0, 0, 0, 0, 0, 0, 0, 0, 0, 0, 0, 0, 0, 0, 0, 0, 0, 0, 0, 0, 0, 0, 0, 0, 0, 0, 0, 0, 0, 0, 0, 0, 0, 0, 0, 0, 0, 0, 0, 0, 0, 0, 0, 0, 0, 0, 0, 0, 0, 0, 0, 0, 0, 0, 0, 0, 0, 0, 0, 0, 0, 0, 0, 0, 0, 0, 120, 120, 121, 122, 122, 123, 123, 123, 124, 124, 125, 125, 125, 126, 127, 127, 127, 127, 128, 128, 128, 128, 129, 130, 130, 130, 131, 131, 131, 132, 132, 132, 133, 133, 133, 133, 134, 135, 135, 135, 135, 136, 136, 136, 137, 137, 137, 138, 138, 138, 139, 139, 139, 140, 140, 140, 141, 141, 142, 142, 142, 143, 143, 143, 143, 144, 144, 144, 145, 145, 145, 146, 146, 146, 147, 147, 147, 148, 148, 148, 149, 149, 149, 150, 150, 151, 151, 151, 151, 151, 152, 152, 152, 153, 153, 154, 154, 154, 155, 155, 155, 156, 156, 156, 157, 157, 157, 157, 158, 158, 159, 159, 159, 159, 160, 160, 160, 161, 161, 161, 162, 162, 162, 163, 163, 163, 164, 164, 164, 165, 165, 165, 166, 166, 166, 167, 167, 167, 168, 168, 168, 168, 169, 169, 169, 170, 170, 170, 171, 171, 171, 172, 172, 172, 173, 173, 173, 174, 174, 174, 175, 175, 176, 176, 176, 176, 176, 177, 177, 177, 178, 178, 178, 179, 179, 180, 180, 180, 181, 181, 181, 181, 182, 182, 183, 183, 183, 183, 184, 184, 184, 184, 185, 185, 186, 186, 186, 187, 187, 187, 188, 188, 189, 189, 189, 189, 190, 190, 190, 191, 191, 191, 192, 192, 192, 193, 194, 194, 195, 195, 195, 195, 195, 196, 196, 196, 0, 0, 0, 167, 167, 167, 0, 188, 0, 0, 0, 0, 0, 0, 0, 0]
[292.8, 0, 0, 237, 238, 237, 238, 0, 238, 232, 232, 232, 232, 0, 0, 0, 0, 0, 0, 0, 0, 0, 0, 0, 0, 0, 0, 0, 0, 0, 0, 0, 0, 0, 0, 0, 0, 0, 0, 0, 0, 0, 0, 0, 0, 0, 0, 0, 0, 0, 0, 0, 0, 0, 0, 0, 0, 0, 0, 0, 0, 0, 0, 0, 0, 0, 0, 0, 0, 0, 0, 0, 0, 0, 0, 0, 0, 0, 120, 120, 120, 121, 122, 122, 123, 123, 123, 123, 124, 125, 125, 125, 125, 126, 127, 127, 127, 127, 127, 128, 128, 129, 130, 130, 130, 131, 131, 131, 131, 132, 132, 133, 133, 133, 133, 134, 135, 135, 135, 135, 136, 136, 136, 136, 137, 137, 138, 138, 138, 138, 138, 139, 139, 140, 140, 141, 141, 141, 142, 142, 143, 143, 143, 143, 143, 144, 144, 145, 145, 145, 146, 146, 146, 146, 147, 147, 148, 148, 148, 149, 149, 149, 149, 150, 150, 151, 151, 151, 151, 152, 152, 152, 153, 153, 153, 154, 154, 154, 155, 155, 155, 156, 156, 156, 157, 157, 157, 158, 158, 158, 159, 159, 159, 160, 160, 160, 161, 161, 161, 162, 162, 162, 163, 163, 163, 164, 164, 164, 165, 165, 165, 165, 166, 166, 166, 167, 167, 167, 168, 168, 168, 169, 169, 169, 169, 170, 170, 171, 171, 171, 172, 172, 172, 173, 173, 173, 174, 174, 174, 174, 175, 175, 176, 176, 176, 176, 177, 177, 177, 178, 178, 178, 179, 179, 179, 180, 180, 180, 181, 181, 181, 182, 182, 182, 182, 183, 183, 184, 184, 184, 184, 185, 185, 186, 186, 186, 186, 187, 187, 187, 188, 188, 188, 189, 189, 190, 190, 190, 190, 191, 191, 192, 192, 192, 192, 193, 193, 194, 194, 195, 195, 195, 195, 195, 196, 0, 0, 0, 0, 0, 0, 0, 187, 0, 0, 0, 0, 0, 0, 0, 0]
[297.59999999999997, 0, 0, 0, 238, 238, 237, 237, 237, 237, 238, 237, 236, 0, 238, 237, 237, 0, 0, 0, 0, 0, 0, 0, 0, 0, 0, 0, 0, 0, 0, 0, 0, 0, 0, 0, 0, 0, 0, 0, 0, 0, 0, 0, 0, 0, 0, 0, 0, 0, 0, 0, 0, 0, 0, 0, 0, 0, 0, 0, 0, 0, 0, 0, 0, 0, 0, 0, 0, 0, 0, 0, 0, 0, 0, 0, 0, 0, 120, 120, 120, 122, 122, 122, 123, 123, 123, 124, 124, 125, 125, 125, 125, 126, 127, 127, 127, 127, 128, 128, 128, 129, 130, 130, 130, 131, 131, 131, 131, 132, 132, 133, 133, 133, 133, 134, 134, 135, 135, 135, 136, 136, 136, 136, 137, 137, 137, 138, 138, 138, 139, 139, 139, 140, 140, 141, 141, 141, 142, 142, 143, 143, 143, 143, 143, 144, 144, 145, 145, 145, 146, 146, 146, 146, 147, 147, 148, 148, 148, 149, 149, 149, 150, 150, 151, 151, 151, 151, 151, 152, 152, 152, 153, 153, 153, 154, 154, 154, 155, 155, 155, 156, 156, 156, 157, 157, 157, 158, 158, 158, 159, 159, 159, 160, 160, 160, 161, 161, 161, 162, 162, 162, 163, 163, 163, 164, 164, 164, 165, 165, 165, 165, 166, 166, 166, 167, 167, 167, 168, 168, 168, 169, 169, 169, 169, 170, 170, 171, 171, 171, 172, 172, 172, 173, 173, 173, 174, 174, 174, 174, 175, 175, 176, 176, 176, 176, 177, 177, 177, 178, 178, 178, 179, 179, 179, 180, 180, 180, 181, 181, 181, 182, 182, 182, 182, 183, 183, 184, 184, 184, 184, 185, 185, 186, 186, 186, 186, 187, 187, 187, 188, 188, 188, 189, 189, 189, 190, 190, 190, 191, 191, 192, 192, 192, 192, 193, 193, 194, 195, 195, 195, 195, 195, 195, 196, 0, 0, 0, 0, 167, 167, 0, 187, 0, 0, 0, 0, 0, 0, 0, 0]
[302.4, 232, 232, 232, 232, 232, 232, 232, 232, 0, 232, 232, 232, 232, 0, 0, 0, 0, 0, 0, 0, 0, 0, 0, 0, 0, 0, 0, 0, 0, 0, 0, 0, 0, 0, 0, 0, 0, 0, 0, 0, 0, 0, 0, 0, 0, 0, 0, 0, 0, 0, 0, 0, 0, 0, 0, 0, 0, 0, 0, 0, 0, 0, 0, 0, 0, 0, 0, 0, 0, 0, 0, 0, 0, 0, 0, 0, 0, 0, 120, 120, 120, 120, 121, 122, 122, 123, 123, 123, 124, 124, 125, 125, 125, 126, 126, 126, 127, 127, 128, 128, 128, 129, 129, 130, 130, 130, 131, 131, 131, 131, 132, 132, 133, 133, 133, 134, 134, 135, 135, 135, 136, 136, 136, 136, 137, 137, 137, 137, 138, 138, 138, 139, 139, 140, 140, 140, 141, 141, 141, 142, 142, 143, 143, 143, 143, 144, 144, 144, 144, 145, 145, 145, 146, 146, 147, 147, 147, 148, 148, 148, 149, 149, 149, 150, 150, 150, 151, 151, 151, 151, 152, 152, 152, 153, 153, 153, 154, 154, 154, 155, 155, 155, 156, 156, 156, 157, 157, 157, 158, 158, 158, 159, 159, 159, 160, 160, 160, 161, 161, 161, 162, 162, 162, 163, 163, 163, 164, 164, 164, 164, 165, 165, 165, 166, 166, 166, 167, 167, 167, 168, 168, 168, 169, 169, 169, 169, 170, 170, 171, 171, 171, 172, 172, 172, 173, 173, 173, 173, 174, 174, 175, 175, 175, 175, 176, 176, 176, 176, 177, 177, 178, 178, 178, 178, 179, 179, 180, 180, 180, 181, 181, 181, 182, 182, 183, 183, 183, 183, 183, 184, 184, 184, 185, 185, 186, 186, 186, 186, 187, 187, 188, 188, 188, 189, 189, 189, 190, 190, 190, 191, 191, 191, 192, 192, 192, 192, 193, 194, 194, 194, 194, 194, 194, 194, 194, 194, 0, 0, 0, 0, 0, 0, 0, 0, 0, 0, 0, 0, 0, 0]
[307.2, 0, 0, 232, 232, 231, 231, 231, 232, 232, 232, 232, 232, 232, 232, 232, 232, 232, 232, 231, 229, 230, 228, 229, 229, 236, 236, 236, 236, 236, 236, 236, 236, 0, 0, 0, 0, 0, 0, 0, 0, 0, 0, 0, 0, 0, 0, 0, 0, 0, 0, 0, 0, 0, 0, 0, 0, 0, 0, 0, 0, 0, 0, 0, 0, 0, 0, 0, 0, 0, 0, 0, 0, 0, 0, 0, 0, 0, 0, 0, 0, 120, 120, 120, 121, 121, 122, 122, 122, 123, 123, 123, 124, 124, 125, 125, 125, 126, 126, 126, 127, 127, 127, 128, 128, 128, 128, 129, 129, 130, 130, 130, 130, 131, 131, 132, 132, 133, 133, 133, 133, 134, 134, 135, 135, 135, 135, 136, 136, 136, 137, 137, 137, 138, 138, 138, 139, 139, 139, 140, 140, 140, 141, 141, 141, 142, 142, 143, 143, 143, 143, 144, 144, 144, 145, 145, 145, 146, 146, 146, 146, 147, 147, 148, 148, 148, 149, 149, 149, 150, 150, 150, 151, 151, 151, 151, 152, 152, 152, 153, 153, 153, 154, 154, 154, 155, 155, 155, 156, 156, 156, 157, 157, 157, 157, 158, 158, 159, 159, 159, 159, 160, 160, 160, 161, 161, 161, 162, 162, 162, 163, 163, 163, 164, 164, 164, 165, 165, 165, 166, 166, 166, 167, 167, 167, 168, 168, 168, 168, 169, 169, 170, 170, 170, 170, 171, 171, 171, 172, 172, 172, 173, 173, 173, 174, 174, 174, 175, 175, 175, 175, 176, 176, 176, 177, 177, 177, 178, 178, 178, 179, 179, 179, 180, 180, 181, 181, 181, 181, 182, 182, 182, 183, 183, 183, 184, 184, 184, 184, 185, 185, 186, 186, 186, 187, 187, 187, 188, 188, 188, 188, 189, 189, 190, 190, 191, 191, 191, 191, 192, 192, 192, 192, 192, 0, 0, 0, 0, 0, 0, 0, 0, 0, 0, 0, 0, 0, 0, 0, 0, 0]
[312.0, 0, 0, 236, 237, 238, 0, 238, 0, 0, 0, 0, 0, 0, 0, 0, 0, 0, 0, 0, 0, 0, 0, 0, 0, 0, 0, 0, 0, 0, 0, 0, 0, 0, 0, 0, 0, 0, 0, 0, 0, 0, 0, 0, 0, 0, 0, 0, 0, 0, 0, 0, 0, 0, 0, 0, 0, 0, 0, 0, 0, 0, 0, 0, 0, 0, 0, 0, 0, 0, 0, 0, 0, 0, 0, 0, 0, 0, 0, 0, 0, 0, 0, 120, 121, 121, 121, 122, 122, 122, 123, 123, 124, 124, 125, 125, 125, 126, 126, 127, 127, 127, 127, 127, 128, 128, 128, 129, 129, 130, 130, 130, 130, 131, 131, 132, 132, 132, 133, 133, 133, 134, 134, 135, 135, 135, 135, 136, 136, 136, 136, 137, 137, 137, 138, 138, 139, 139, 139, 140, 140, 140, 141, 141, 141, 142, 142, 142, 143, 143, 143, 143, 144, 144, 144, 145, 145, 146, 146, 146, 146, 147, 147, 148, 148, 148, 149, 149, 149, 149, 150, 150, 150, 151, 151, 151, 151, 152, 152, 152, 153, 153, 154, 154, 154, 154, 155, 155, 155, 156, 156, 157, 157, 157, 157, 158, 158, 158, 159, 159, 159, 160, 160, 160, 161, 161, 161, 162, 162, 162, 162, 163, 163, 163, 164, 164, 164, 165, 165, 165, 166, 166, 166, 167, 167, 167, 168, 168, 168, 169, 169, 169, 169, 170, 170, 170, 171, 171, 171, 172, 172, 173, 173, 173, 173, 174, 174, 174, 174, 175, 175, 176, 176, 176, 176, 177, 177, 178, 178, 178, 179, 179, 179, 179, 180, 180, 180, 181, 181, 181, 182, 182, 182, 183, 183, 183, 184, 184, 184, 184, 185, 185, 186, 186, 186, 187, 187, 187, 187, 188, 188, 189, 189, 189, 190, 191, 191, 191, 191, 191, 192, 192, 192, 192, 192, 0, 0, 0, 0, 0, 0, 0, 0, 0, 0, 0, 0, 0, 0, 0, 0]
[316.8, 0, 232, 232, 232, 232, 232, 232, 232, 232, 232, 232, 0, 0, 0, 0, 0, 0, 0, 0, 0, 0, 0, 0, 0, 0, 0, 0, 0, 0, 0, 0, 0, 0, 0, 0, 0, 0, 0, 0, 0, 0, 0, 0, 0, 0, 0, 0, 0, 0, 0, 0, 0, 0, 0, 0, 0, 0, 0, 0, 0, 0, 0, 0, 0, 0, 0, 0, 0, 0, 0, 0, 0, 0, 0, 0, 0, 0, 0, 0, 0, 0, 120, 120, 120, 121, 122, 122, 122, 123, 123, 123, 124, 124, 124, 125, 125, 125, 126, 126, 127, 127, 127, 128, 128, 128, 128, 128, 129, 130, 130, 130, 130, 131, 131, 132, 132, 132, 133, 133, 133, 134, 134, 134, 135, 135, 135, 136, 136, 136, 137, 137, 137, 138, 138, 138, 139, 139, 139, 140, 140, 140, 141, 141, 141, 142, 142, 142, 143, 143, 143, 143, 144, 144, 144, 145, 145, 146, 146, 146, 146, 147, 147, 148, 148, 148, 148, 149, 149, 149, 150, 150, 150, 151, 151, 151, 151, 152, 152, 152, 153, 153, 154, 154, 154, 154, 155, 155, 155, 156, 156, 157, 157, 157, 157, 158, 158, 158, 159, 159, 159, 160, 160, 160, 161, 161, 161, 162, 162, 162, 162, 163, 163, 163, 164, 164, 164, 165, 165, 165, 166, 166, 166, 167, 167, 167, 168, 168, 168, 168, 169, 169, 169, 170, 170, 170, 171, 171, 171, 172, 172, 173, 173, 173, 173, 174, 174, 174, 174, 175, 175, 175, 176, 176, 176, 177, 177, 178, 178, 178, 179, 179, 179, 179, 180, 180, 180, 181, 181, 181, 182, 182, 182, 183, 183, 183, 184, 184, 184, 184, 185, 185, 186, 186, 186, 187, 187, 187, 187, 188, 188, 189, 189, 189, 190, 191, 191, 191, 191, 192, 192, 192, 192, 192, 192, 0, 0, 0, 0, 0, 0, 0, 0, 0, 0, 0, 0, 0, 0, 0, 0]
[321.59999999999997, 236, 236, 237, 236, 238, 237, 237, 236, 0, 0, 0, 0, 0, 0, 0, 0, 0, 0, 0, 0, 0, 0, 0, 0, 0, 0, 0, 0, 0, 0, 0, 0, 0, 0, 0, 0, 0, 0, 0, 0, 0, 0, 0, 0, 0, 0, 0, 0, 0, 0, 0, 0, 0, 0, 0, 0, 0, 0, 0, 0, 0, 0, 0, 0, 0, 0, 0, 0, 0, 0, 0, 0, 0, 0, 0, 0, 0, 0, 0, 0, 120, 120, 120, 120, 121, 122, 122, 122, 123, 123, 123, 124, 124, 124, 125, 125, 125, 126, 126, 127, 127, 127, 128, 128, 128, 128, 128, 129, 129, 130, 130, 130, 131, 131, 131, 132, 132, 132, 133, 133, 133, 134, 134, 134, 135, 135, 135, 135, 136, 136, 136, 137, 137, 138, 138, 138, 139, 139, 139, 139, 140, 140, 140, 141, 141, 141, 142, 142, 142, 143, 143, 143, 144, 144, 144, 145, 145, 145, 146, 146, 146, 146, 147, 147, 148, 148, 148, 148, 149, 149, 149, 150, 150, 150, 151, 151, 151, 152, 152, 152, 152, 153, 153, 153, 154, 154, 154, 155, 155, 155, 156, 156, 156, 157, 157, 157, 158, 158, 158, 158, 159, 159, 160, 160, 160, 160, 161, 161, 161, 162, 162, 162, 163, 163, 163, 164, 164, 164, 165, 165, 165, 165, 166, 166, 167, 167, 167, 167, 168, 168, 168, 168, 169, 169, 170, 170, 170, 170, 171, 171, 172, 172, 172, 172, 173, 173, 173, 174, 174, 174, 175, 175, 175, 176, 176, 176, 177, 177, 177, 178, 178, 178, 179, 179, 179, 179, 180, 180, 181, 181, 181, 181, 182, 182, 182, 183, 183, 183, 184, 184, 184, 185, 185, 185, 186, 186, 186, 186, 187, 187, 188, 188, 189, 189, 190, 190, 191, 191, 191, 191, 191, 192, 192, 191, 0, 0, 0, 0, 0, 0, 0, 0, 0, 0, 0, 0, 0, 0, 0, 0]
[326.4, 0, 232, 232, 232, 232, 232, 232, 232, 232, 232, 232, 232, 232, 232, 232, 232, 0, 0, 0, 0, 0, 0, 232, 232, 0, 0, 0, 0, 0, 0, 0, 0, 0, 0, 0, 0, 0, 0, 0, 0, 0, 0, 0, 0, 0, 0, 0, 0, 0, 0, 0, 0, 0, 0, 0, 0, 0, 0, 0, 0, 0, 0, 0, 0, 0, 0, 0, 0, 0, 0, 0, 0, 0, 0, 0, 0, 0, 0, 0, 0, 0, 0, 120, 120, 121, 121, 122, 122, 122, 122, 123, 123, 124, 124, 124, 125, 125, 125, 126, 126, 127, 127, 127, 128, 128, 128, 128, 129, 129, 130, 130, 130, 130, 131, 131, 132, 132, 132, 133, 133, 133, 133, 134, 134, 134, 135, 135, 135, 136, 136, 136, 136, 137, 137, 138, 138, 138, 139, 139, 139, 140, 140, 140, 140, 141, 141, 142, 142, 142, 143, 143, 143, 144, 144, 144, 144, 145, 145, 145, 146, 146, 146, 147, 147, 148, 148, 148, 148, 149, 149, 149, 149, 150, 150, 151, 151, 151, 151, 152, 152, 152, 153, 153, 153, 154, 154, 154, 155, 155, 155, 156, 156, 156, 156, 157, 157, 158, 158, 158, 158, 159, 159, 159, 160, 160, 160, 161, 161, 161, 161, 162, 162, 162, 163, 163, 163, 164, 164, 164, 165, 165, 165, 166, 166, 166, 167, 167, 167, 168, 168, 168, 168, 169, 169, 170, 170, 170, 170, 171, 171, 172, 172, 172, 172, 173, 173, 173, 173, 174, 174, 175, 175, 175, 176, 176, 176, 177, 177, 177, 178, 178, 178, 178, 179, 179, 179, 180, 180, 180, 181, 181, 181, 182, 182, 182, 183, 183, 183, 184, 184, 184, 185, 185, 185, 186, 186, 186, 186, 187, 187, 188, 188, 188, 189, 190, 190, 191, 191, 191, 191, 191, 191, 192, 191, 0, 0, 0, 0, 0, 0, 0, 0, 194, 194, 0, 0, 0, 0, 0, 0]
[331.2, 0, 232, 232, 232, 232, 0, 0, 232, 232, 232, 232, 0, 0, 0, 0, 0, 0, 0, 0, 0, 0, 0, 0, 0, 0, 0, 0, 0, 0, 0, 0, 0, 0, 0, 0, 0, 0, 0, 0, 0, 0, 0, 0, 0, 0, 0, 0, 0, 0, 0, 0, 0, 0, 0, 0, 0, 0, 0, 0, 0, 0, 0, 0, 0, 0, 0, 0, 0, 0, 0, 0, 0, 0, 0, 0, 0, 0, 0, 0, 0, 120, 120, 120, 120, 121, 121, 122, 122, 122, 123, 123, 123, 124, 124, 124, 125, 125, 125, 126, 126, 127, 127, 127, 127, 127, 128, 128, 128, 129, 129, 130, 130, 130, 130, 131, 131, 132, 132, 132, 133, 133, 133, 133, 134, 134, 135, 135, 135, 136, 136, 136, 136, 136, 137, 137, 138, 138, 138, 139, 139, 139, 140, 140, 140, 141, 141, 141, 141, 142, 142, 143, 143, 143, 143, 144, 144, 144, 145, 145, 145, 146, 146, 146, 147, 147, 147, 148, 148, 148, 148, 149, 149, 149, 150, 150, 150, 151, 151, 151, 152, 152, 152, 153, 153, 153, 153, 154, 154, 155, 155, 155, 156, 156, 156, 156, 157, 157, 157, 158, 158, 159, 159, 159, 159, 160, 160, 160, 160, 161, 161, 161, 162, 162, 162, 163, 163, 163, 164, 164, 164, 165, 165, 165, 165, 166, 166, 167, 167, 167, 167, 168, 168, 168, 169, 169, 169, 170, 170, 170, 171, 171, 171, 172, 172, 172, 172, 173, 173, 174, 174, 174, 175, 175, 175, 175, 176, 176, 176, 177, 177, 177, 177, 178, 178, 179, 179, 179, 179, 180, 180, 181, 181, 181, 181, 182, 182, 182, 183, 183, 183, 184, 184, 184, 185, 185, 185, 186, 186, 187, 187, 187, 188, 188, 188, 189, 189, 191, 191, 191, 191, 192, 192, 192, 192, 191, 0, 0, 0, 0, 0, 0, 0, 0, 0, 0, 0, 0, 0, 0, 0]
[336.0, 0, 232, 232, 232, 232, 232, 232, 232, 232, 232, 232, 232, 232, 232, 232, 232, 232, 232, 232, 232, 232, 232, 232, 232, 0, 0, 0, 0, 0, 0, 0, 0, 0, 0, 0, 0, 0, 0, 0, 0, 0, 0, 0, 0, 0, 0, 0, 0, 0, 0, 0, 0, 0, 0, 0, 0, 0, 0, 0, 0, 0, 0, 0, 0, 0, 0, 0, 0, 0, 0, 0, 0, 0, 0, 0, 0, 0, 0, 0, 0, 0, 120, 120, 120, 121, 121, 122, 122, 122, 122, 123, 123, 123, 124, 124, 124, 125, 125, 125, 125, 126, 127, 127, 127, 127, 127, 128, 128, 128, 129, 129, 129, 130, 130, 130, 131, 131, 131, 132, 132, 133, 133, 133, 133, 133, 134, 135, 135, 135, 135, 136, 136, 136, 136, 137, 137, 138, 138, 138, 139, 139, 139, 140, 140, 140, 140, 141, 141, 141, 142, 142, 142, 143, 143, 143, 144, 144, 144, 144, 144, 145, 145, 146, 146, 146, 147, 147, 147, 147, 148, 148, 148, 149, 149, 150, 150, 150, 150, 151, 151, 151, 152, 152, 152, 153, 153, 153, 154, 154, 154, 155, 155, 155, 155, 156, 156, 156, 157, 157, 157, 158, 158, 158, 159, 159, 159, 159, 160, 160, 160, 161, 161, 161, 162, 162, 162, 162, 163, 163, 163, 164, 164, 164, 165, 165, 165, 166, 166, 166, 167, 167, 167, 168, 168, 168, 169, 169, 169, 170, 170, 170, 171, 171, 171, 172, 172, 172, 172, 173, 173, 173, 174, 174, 174, 175, 175, 175, 176, 176, 176, 176, 177, 177, 177, 178, 178, 178, 179, 179, 179, 180, 180, 181, 181, 181, 181, 182, 182, 182, 182, 183, 183, 184, 184, 184, 184, 185, 185, 186, 186, 186, 187, 187, 187, 188, 189, 191, 191, 192, 192, 192, 192, 192, 192, 0, 0, 0, 0, 0, 0, 0, 0, 0, 0, 0, 0, 0, 0, 0, 0]
[340.8, 0, 232, 232, 232, 230, 231, 232, 232, 232, 232, 232, 232, 232, 232, 232, 232, 0, 0, 0, 232, 232, 232, 0, 0, 0, 0, 0, 0, 0, 0, 0, 0, 0, 0, 0, 0, 0, 0, 0, 0, 0, 0, 0, 0, 0, 0, 0, 0, 0, 0, 0, 0, 0, 0, 0, 0, 0, 0, 0, 0, 0, 0, 0, 0, 0, 0, 0, 0, 0, 0, 0, 0, 0, 0, 0, 0, 0, 0, 0, 0, 0, 120, 120, 120, 120, 121, 121, 121, 122, 122, 123, 123, 123, 124, 124, 124, 125, 125, 125, 126, 126, 126, 127, 127, 127, 127, 128, 128, 128, 129, 129, 129, 130, 130, 130, 131, 131, 131, 132, 132, 133, 133, 133, 133, 133, 134, 134, 135, 135, 135, 136, 136, 136, 137, 137, 137, 138, 138, 138, 138, 139, 139, 139, 140, 140, 140, 141, 141, 141, 142, 142, 142, 143, 143, 143, 144, 144, 144, 144, 144, 145, 145, 146, 146, 146, 147, 147, 147, 147, 148, 148, 148, 149, 149, 150, 150, 150, 150, 151, 151, 151, 152, 152, 152, 153, 153, 153, 154, 154, 154, 155, 155, 155, 155, 156, 156, 156, 157, 157, 157, 158, 158, 158, 159, 159, 159, 159, 160, 160, 160, 161, 161, 161, 162, 162, 162, 162, 163, 163, 163, 164, 164, 165, 165, 165, 165, 166, 166, 166, 167, 167, 167, 168, 168, 168, 169, 169, 169, 170, 170, 170, 171, 171, 171, 171, 172, 172, 172, 173, 173, 173, 174, 174, 174, 175, 175, 175, 175, 176, 176, 176, 177, 177, 177, 178, 178, 179, 179, 179, 179, 180, 180, 181, 181, 181, 181, 182, 182, 182, 183, 183, 183, 184, 184, 184, 184, 185, 185, 185, 186, 186, 187, 187, 187, 188, 189, 191, 191, 192, 192, 192, 192, 192, 192, 0, 0, 0, 0, 0, 0, 0, 0, 0, 0, 0, 0, 0, 0, 0, 0]
[345.59999999999997, 0, 232, 232, 232, 232, 232, 232, 232, 232, 232, 232, 232, 232, 232, 232, 232, 0, 232, 232, 232, 232, 0, 0, 0, 0, 0, 0, 0, 0, 0, 0, 0, 0, 0, 0, 0, 0, 0, 0, 0, 0, 0, 0, 0, 0, 0, 0, 0, 0, 0, 0, 0, 0, 0, 0, 0, 0, 0, 0, 0, 0, 0, 0, 0, 0, 0, 0, 0, 0, 0, 0, 0, 0, 0, 0, 0, 0, 0, 0, 0, 0, 120, 120, 120, 120, 121, 121, 122, 122, 122, 123, 123, 123, 124, 124, 124, 125, 125, 125, 126, 126, 126, 127, 127, 127, 128, 128, 128, 128, 128, 129, 129, 130, 130, 130, 131, 131, 131, 132, 132, 133, 133, 133, 133, 133, 134, 134, 134, 135, 135, 136, 136, 136, 136, 137, 137, 138, 138, 138, 138, 139, 139, 139, 140, 140, 140, 141, 141, 141, 142, 142, 142, 143, 143, 143, 143, 144, 144, 144, 144, 145, 145, 146, 146, 146, 147, 147, 147, 147, 148, 148, 148, 149, 149, 149, 150, 150, 150, 151, 151, 151, 152, 152, 152, 153, 153, 153, 154, 154, 154, 155, 155, 155, 155, 156, 156, 156, 157, 157, 157, 158, 158, 158, 159, 159, 159, 159, 160, 160, 160, 160, 161, 161, 162, 162, 162, 162, 163, 163, 163, 164, 164, 165, 165, 165, 165, 166, 166, 166, 167, 167, 167, 168, 168, 168, 168, 169, 169, 170, 170, 170, 170, 171, 171, 171, 172, 172, 172, 173, 173, 173, 173, 174, 174, 175, 175, 175, 175, 176, 176, 176, 177, 177, 177, 178, 178, 178, 179, 179, 179, 180, 180, 181, 181, 181, 181, 182, 182, 182, 182, 183, 183, 184, 184, 184, 184, 185, 185, 186, 186, 186, 187, 187, 187, 188, 191, 191, 191, 191, 192, 192, 192, 192, 192, 0, 0, 0, 0, 0, 0, 0, 0, 0, 0, 0, 0, 0, 0, 218, 218]
[350.4, 232, 232, 232, 232, 232, 232, 232, 232, 232, 232, 232, 232, 232, 232, 232, 232, 232, 232, 232, 232, 232, 0, 0, 0, 232, 232, 0, 0, 0, 0, 0, 222, 0, 0, 0, 0, 0, 0, 0, 0, 0, 0, 0, 0, 0, 0, 0, 0, 0, 0, 0, 0, 0, 0, 0, 0, 0, 0, 0, 0, 0, 0, 0, 0, 0, 0, 0, 0, 0, 0, 0, 0, 0, 0, 0, 0, 0, 0, 0, 0, 0, 0, 120, 120, 120, 120, 121, 121, 122, 122, 122, 123, 123, 123, 124, 124, 125, 125, 125, 125, 126, 126, 127, 127, 127, 127, 127, 128, 128, 128, 128, 128, 130, 130, 130, 130, 131, 131, 131, 132, 132, 132, 133, 133, 133, 134, 134, 134, 135, 135, 135, 136, 136, 136, 136, 137, 137, 138, 138, 138, 139, 139, 139, 139, 140, 140, 140, 141, 141, 141, 142, 142, 142, 143, 143, 143, 143, 144, 144, 144, 145, 145, 146, 146, 146, 146, 147, 147, 147, 147, 148, 148, 148, 149, 149, 149, 150, 150, 150, 151, 151, 151, 152, 152, 152, 153, 153, 153, 154, 154, 154, 155, 155, 155, 155, 156, 156, 156, 157, 157, 157, 157, 158, 158, 159, 159, 159, 159, 160, 160, 160, 161, 161, 161, 162, 162, 162, 163, 163, 163, 164, 164, 164, 165, 165, 165, 165, 166, 166, 166, 167, 167, 168, 168, 168, 168, 168, 169, 169, 169, 170, 170, 171, 171, 171, 171, 172, 172, 173, 173, 173, 173, 174, 174, 174, 175, 175, 175, 176, 176, 176, 177, 177, 177, 178, 178, 178, 178, 179, 179, 179, 180, 180, 180, 181, 181, 181, 182, 182, 182, 183, 183, 183, 184, 184, 184, 184, 185, 185, 186, 186, 186, 187, 187, 188, 188, 191, 191, 191, 191, 192, 192, 192, 192, 0, 0, 0, 0, 0, 0, 0, 0, 0, 0, 0, 0, 0, 0, 0, 0]
[355.2, 183, 224, 224, 175, 176, 176, 176, 181, 187, 187, 192, 199, 199, 229, 231, 231, 232, 232, 232, 232, 232, 232, 232, 232, 232, 232, 232, 232, 232, 232, 232, 232, 232, 232, 226, 226, 226, 226, 226, 226, 232, 232, 232, 232, 232, 232, 221, 221, 216, 216, 216, 232, 232, 232, 232, 232, 226, 227, 227, 226, 227, 227, 226, 227, 224, 224, 224, 232, 232, 232, 232, 232, 216, 216, 216, 216, 216, 224, 224, 224, 216, 216, 216, 216, 216, 220, 221, 221, 232, 224, 224, 123, 123, 123, 124, 124, 124, 125, 125, 128, 128, 128, 128, 129, 127, 130, 130, 130, 130, 131, 131, 131, 132, 132, 132, 133, 133, 133, 133, 134, 134, 135, 135, 135, 135, 135, 135, 224, 136, 140, 140, 141, 142, 143, 232, 136, 231, 230, 224, 224, 224, 224, 230, 231, 141, 141, 141, 143, 143, 141, 138, 138, 144, 144, 144, 216, 216, 144, 144, 144, 144, 144, 144, 144, 144, 144, 144, 144, 144, 144, 144, 144, 144, 144, 144, 144, 145, 145, 145, 146, 146, 146, 147, 147, 147, 147, 148, 148, 148, 149, 149, 149, 150, 150, 150, 151, 151, 151, 152, 152, 152, 153, 153, 153, 154, 154, 154, 155, 155, 155, 155, 156, 156, 156, 157, 157, 157, 157, 158, 158, 159, 159, 159, 159, 160, 160, 160, 161, 161, 161, 162, 162, 162, 163, 163, 163, 164, 164, 164, 165, 165, 165, 166, 166, 166, 166, 167, 167, 167, 168, 168, 168, 168, 169, 169, 169, 170, 170, 171, 171, 171, 171, 172, 172, 173, 173, 173, 173, 174, 174, 174, 175, 175, 175, 176, 176, 176, 176, 177, 177, 178, 178, 178, 178, 179, 179, 179, 180, 180, 180, 181, 181, 181, 181, 182, 182, 183, 183, 183, 184, 184, 184, 184, 185, 185, 186, 186, 186, 187, 187, 188, 188, 191, 191, 191, 191, 191, 191, 191, 191]